contrast,rotation,seed,coding,objective,l1_pre_reset_fixed250_ba_delta,l1_spike_fixed250_ba_delta,l2_pre_reset_fixed250_ba_delta,l2_spike_fixed250_ba_delta,l1_quantization_delta_delta,l1_to_l2_transform_delta_delta,l2_quantization_delta_delta,variant
D1_minus_D0,0,11,bb,l2_wcce,0.05788655788655783,0.010780885780885874,-0.1033942364824717,-0.01553101718542882,-0.04710567210567196,-0.11417512226335758,0.08786321929704288,
D1_minus_D0,0,11,bb,l1_l2_joint,0.09442659056629632,-0.0011545031765620717,-0.021124280131633144,0.017345399698340924,-0.09558109374285839,-0.019969776955071072,0.03846967982997407,
D1_minus_D0,0,11,bb,l2_wcce_plus_0p1_l1_tsce,0.030829933954934163,-0.02539778440513729,-0.006600935828876997,-0.022610294117647145,-0.056227718360071455,0.018796848576260294,-0.016009358288770148,
D1_minus_D0,0,11,mm,l2_wcce,0.051397744412450375,0.05545471685177572,-0.03717948717948727,0.02816870629370638,0.004056972439325346,-0.09263420403126299,0.06534819347319365,
D1_minus_D0,0,11,mm,l1_l2_joint,0.10100153114859012,-0.029938811188811143,-0.0033722405045932824,0.01252956602221278,-0.13094034233740126,0.02656657068421786,0.01590180652680606,
D1_minus_D0,0,11,mm,l2_wcce_plus_0p1_l1_tsce,0.05523132912838802,0.04156582796288677,-0.007216823209470147,0.010202991452991417,-0.013665501165501248,-0.04878265117235692,0.017419814662461564,
MM_minus_BB,0,11,,l2_wcce,0.022050682160976276,0.00551784816490708,-0.04456570798482562,-0.011390774258421388,-0.016532833996069196,-0.0500835561497327,0.03317493372640423,original
MM_minus_BB,0,11,,l1_l2_joint,-0.00435363247863263,0.02625005713241002,-0.02201297477032793,0.0009963892316834366,0.03060368961104265,-0.04826303190273795,0.023009364002011368,original
MM_minus_BB,0,11,,l2_wcce_plus_0p1_l1_tsce,0.00625128547922682,-0.041658525298231,-0.010188851181498149,0.009453557063851203,-0.04790981077745782,0.03146967411673285,0.019642408245349352,original
Joint_minus_Baseline,0,11,bb,,-0.02492144293614873,0.0366892911010559,-0.04068998811645863,0.02152406417112307,0.06161073403720463,-0.07737927921751453,0.0622140522875817,original
L1TSCE_minus_Baseline,0,11,bb,,0.010042735042734896,0.054307783719548364,-0.05140931372549029,0.030858214497920478,0.04426504867681347,-0.10571709744503865,0.08226752822341077,original
Joint_minus_Baseline,0,11,mm,,-0.051325757575757636,0.05742150006855884,-0.018137254901960942,0.033911227661227894,0.10874725764431648,-0.07555875497051978,0.052048482563188836,original
L1TSCE_minus_Baseline,0,11,mm,,-0.00575666163901456,0.007131410256410287,-0.01703245692216282,0.05170254582019307,0.012888071895424846,-0.024163867178573106,0.06873500274235589,original
MM_minus_BB,0,11,,l2_wcce,0.015561868686868818,0.05019167923579693,0.021649041318158813,0.03230894922071381,0.03462981054892811,-0.028542637917638114,0.010659907902555,postencode_mask
MM_minus_BB,0,11,,l1_l2_joint,0.002221308103661168,-0.0025342508798390506,-0.004260935143288069,-0.0038194444444447084,-0.004755558983500219,-0.0017266842634490187,0.0004414906988433609,postencode_mask
MM_minus_BB,0,11,,l2_wcce_plus_0p1_l1_tsce,0.030652680652680675,0.025305087069793064,-0.010804738562091298,0.042266842634489765,-0.005347593582887611,-0.03610982563188436,0.053071581196581064,postencode_mask
Joint_minus_Baseline,0,11,bb,,0.011618589743589758,0.024753902143607953,0.04157996823437993,0.05440048105489281,0.013135312400018195,0.016826066090771974,0.012820512820512886,postencode_mask
L1TSCE_minus_Baseline,0,11,bb,,-0.017013888888888773,0.0181291135335252,0.045383986928104414,0.023778937565702152,0.03514300242241397,0.027254873394579215,-0.021605049362402262,postencode_mask
Joint_minus_Baseline,0,11,mm,,-0.0017219708396178923,-0.027972027972028024,0.015669991772933045,0.018272087389734293,-0.02625005713241013,0.04364201974496107,0.0026020956168012477,postencode_mask
L1TSCE_minus_Baseline,0,11,mm,,-0.0019230769230769162,-0.006757478632478664,0.012930207047854303,0.033736830979478105,-0.004834401709401748,0.019687685680332967,0.020806623931623802,postencode_mask
MT_x_Joint,0,11,,,-0.026404314639608906,0.02073220896750294,0.02255273321449769,0.012387163490104824,0.047136523607111847,0.001820524246994748,-0.010165569724392864,original
MT_x_L1TSCE,0,11,,,-0.015799396681749456,-0.04717637346313808,0.03437685680332747,0.02084433132227259,-0.03137697678138862,0.08155323026646555,-0.01353252548105488,original
MT_x_Joint,0,11,,,-0.01334056058320765,-0.05272593011563598,-0.025909976461446882,-0.03612839366515852,-0.03938536953242833,0.026815953654189095,-0.010218417203711638,postencode_mask
MT_x_L1TSCE,0,11,,,0.015090811965811857,-0.024886592166003862,-0.03245377988025011,0.009957893413775953,-0.03997740413181572,-0.0075671877142462485,0.042411673294026064,postencode_mask
D1_minus_D0,0,23,bb,l2_wcce,0.01693975958681848,0.035740893093834325,0.020498394579276824,-0.010229700854700985,0.018801133507015844,-0.015242498514557501,-0.03072809543397781,
D1_minus_D0,0,23,bb,l1_l2_joint,0.013235294117647012,0.05130590406325697,-0.025663592943004798,-0.028456796471502455,0.03807060994560996,-0.07696949700626177,-0.0027932035284976564,
D1_minus_D0,0,23,bb,l2_wcce_plus_0p1_l1_tsce,0.035872297637003614,0.0836975524475525,0.023192616207322048,-0.03320292860734042,0.04782525481054889,-0.060504936240230456,-0.05639554481466247,
D1_minus_D0,0,23,mm,l2_wcce,0.02783848096348107,0.026379176379176417,0.10553927281868458,0.02376136934960471,-0.0014593045843046548,0.07916009643950817,-0.08177790346907987,
D1_minus_D0,0,23,mm,l1_l2_joint,0.06932260957996261,0.01664124274418388,0.017245846473787685,0.04706925019425012,-0.05268136683577873,0.0006046037296038032,0.029823403720462438,
D1_minus_D0,0,23,mm,l2_wcce_plus_0p1_l1_tsce,0.06356152017916739,0.052731929018693835,-0.011117967000319862,0.06932789432789421,-0.01082959116047355,-0.0638498960190137,0.08044586132821407,
MM_minus_BB,0,23,,l2_wcce,-0.013437685680332767,-0.008879233511586482,-0.10819107363225022,0.00520262009232586,0.004558452168746285,-0.09931184012066374,0.11339369372457608,original
MM_minus_BB,0,23,,l1_l2_joint,-0.0338056755336168,0.024377113899172742,-0.02137066365007545,0.017636346496640587,0.05818278943278954,-0.04574777754924819,0.03900701014671604,original
MM_minus_BB,0,23,,l2_wcce_plus_0p1_l1_tsce,-0.024165152657799727,0.02856620503679319,-0.012691393573746601,-0.06524449814890987,0.05273135769459292,-0.04125759861053979,-0.05255310457516327,original
Joint_minus_Baseline,0,23,bb,,-0.011312217194570096,-0.004729135243841109,-0.008632849993144176,-0.012048796791443883,0.006583081950728986,-0.0039037147493030666,-0.003415946798299707,original
L1TSCE_minus_Baseline,0,23,bb,,-0.018278943278943305,-0.00922202797202798,-0.018581602221308224,0.03715592006033175,0.009056915306915325,-0.009359574249280245,0.05573752228163997,original
Joint_minus_Baseline,0,23,mm,,-0.031680207047854125,0.028527212166918114,0.0781875599890306,0.0003849296128708435,0.06020741921477224,0.04966034782211248,-0.07780263037615975,original
L1TSCE_minus_Baseline,0,23,mm,,-0.029006410256410264,0.028223410576351693,0.0769180778371954,-0.03329119818090398,0.05722982083276196,0.048694667260843705,-0.11020927601809938,original
MM_minus_BB,0,23,,l2_wcce,-0.002538964303670177,-0.01824095022624439,-0.023150195392842465,0.039193690296631556,-0.015701985922574213,-0.004909245166598075,0.06234388568947402,postencode_mask
MM_minus_BB,0,23,,l1_l2_joint,0.022281639928698804,-0.010287547419900345,0.021538775766717033,0.09316239316239316,-0.03256918734859915,0.03182632318661738,0.07162361739567613,postencode_mask
MM_minus_BB,0,23,,l2_wcce_plus_0p1_l1_tsce,0.003524069884364045,-0.0023994183920654777,-0.04700197678138851,0.037286324786324765,-0.005923488276429523,-0.04460255838932303,0.08428830156771328,postencode_mask
Joint_minus_Baseline,0,23,bb,,-0.015016682663741565,0.010835875725581534,-0.0547948375154258,-0.030275892408245353,0.0258525583893231,-0.06563071324100733,0.024518945107180445,postencode_mask
L1TSCE_minus_Baseline,0,23,bb,,0.0006535947712418277,0.0387346313816902,-0.015887380593263,0.014182692307692313,0.03808103661044837,-0.0546220119749532,0.030070072900955314,postencode_mask
Joint_minus_Baseline,0,23,mm,,0.009803921568627416,0.01878927853192558,-0.0101058663558663,0.023692810457516256,0.008985356963298163,-0.02889514488779188,0.033798676813382555,postencode_mask
L1TSCE_minus_Baseline,0,23,mm,,0.00671662895927605,0.05457616321586911,-0.039739161981809046,0.012275326797385522,0.04785953425659306,-0.09431532519767816,0.05201448877919457,postencode_mask
MT_x_Joint,0,23,,,-0.02036798985328403,0.033256347410759224,0.08682040998217477,0.012433726404314727,0.053624337264043254,0.05356406257141555,-0.07438668357786005,original
MT_x_L1TSCE,0,23,,,-0.01072746697746696,0.03744543854837967,0.09549968005850362,-0.07044711824123573,0.04817290552584663,0.05805424151012395,-0.16594679829973935,original
MT_x_Joint,0,23,,,0.02482060423236898,0.007953402806344045,0.0446889711595595,0.05396870286576161,-0.016867201426024936,0.03673556835321545,0.00927973170620211,postencode_mask
MT_x_L1TSCE,0,23,,,0.006063034188034222,0.015841531834178912,-0.023851781388546045,-0.001907365510306791,0.00977849764614469,-0.03969331322272496,0.021944415878239254,postencode_mask
D1_minus_D0,0,37,bb,l2_wcce,0.02208310480369291,0.03482306092600218,0.0672279925956395,-0.06437808515014398,0.01273995612230927,0.032404931669637316,-0.13160607774578348,
D1_minus_D0,0,37,bb,l1_l2_joint,0.06805312742812752,0.002305864070569985,-0.037753239407651074,0.02515211504182091,-0.06574726335755754,-0.04005910347822106,0.06290535444947198,
D1_minus_D0,0,37,bb,l2_wcce_plus_0p1_l1_tsce,0.05279763129027837,0.06121266397001701,0.028039301384889748,0.019497006261712246,0.008415032679738643,-0.033173362585127264,-0.008542295123177501,
D1_minus_D0,0,37,mm,l2_wcce,0.006793043557749456,0.030913775766716944,-0.019817090589149378,-0.013193158965217666,0.024120732208967488,-0.05073086635586632,0.006623931623931711,
D1_minus_D0,0,37,mm,l1_l2_joint,0.02307949403537657,0.03233508729832257,0.03373183189359663,-0.026187782805429993,0.009255593262946005,0.0013967445952740576,-0.059919614699026624,
D1_minus_D0,0,37,mm,l2_wcce_plus_0p1_l1_tsce,0.047103529640294295,-0.0021326100370219203,0.03289255678961578,0.007356797614150645,-0.049236139677316215,0.0350251668266377,-0.025535759175465134,
MM_minus_BB,0,37,,l2_wcce,0.011148818501759639,-0.022210938571232575,0.025688874034462184,-0.038084750217103114,-0.03335975707299221,0.04789981260569476,-0.0637736242515653,original
MM_minus_BB,0,37,,l1_l2_joint,0.04864824717765892,-0.003074152155034482,0.0004213515242927901,0.03754084967320259,-0.0517223993326934,0.003495503679327272,0.0371194981489098,original
MM_minus_BB,0,37,,l2_wcce_plus_0p1_l1_tsce,0.012828654188948296,0.015827677224736214,0.025622457607751614,-0.0018036701860232318,0.0029990230357879177,0.0097947803830154,-0.027426127793774846,original
Joint_minus_Baseline,0,37,bb,,-0.04809549111019695,-0.0005373303167419685,0.027637374880021826,-0.05607588898030058,0.047558160793454984,0.028174705196763794,-0.0837132638603224,original
L1TSCE_minus_Baseline,0,37,bb,,-0.030166198180904047,-0.023068781708487585,-0.03832670597376486,-0.04031048608254484,0.007097416472416462,-0.015257924265277278,-0.0019837801087799756,original
Joint_minus_Baseline,0,37,mm,,-0.01059606243429767,0.018599456099456124,0.002369852369852432,0.019549710910005125,0.029195518533753795,-0.016229603729603692,0.017179858540152693,original
L1TSCE_minus_Baseline,0,37,mm,,-0.02848636249371539,0.014969834087481204,-0.03839312240047543,-0.0040294060514649566,0.04345619658119659,-0.053362956487956636,0.034363716349010476,original
MM_minus_BB,0,37,,l2_wcce,-0.004141242744183815,-0.02612022373051781,-0.06135620915032669,0.013100175967823202,-0.021978980986333996,-0.03523598541980888,0.07445638511814989,postencode_mask
MM_minus_BB,0,37,,l1_l2_joint,0.003674613784907965,0.026955071072718106,0.0719064228255405,-0.013799048174048312,0.02328045728781014,0.04495135175282239,-0.0857054709995888,postencode_mask
MM_minus_BB,0,37,,l2_wcce_plus_0p1_l1_tsce,0.007134552538964223,-0.04751759678230272,0.030475713012477645,-0.013943878833584833,-0.05465214932126694,0.07799330979478036,-0.04441959184606248,postencode_mask
Joint_minus_Baseline,0,37,bb,,-0.0021254684857623385,-0.033054527172174164,-0.07734385712326874,0.03345431121166431,-0.030929058686411826,-0.04428932995109458,0.11079816833493306,postencode_mask
L1TSCE_minus_Baseline,0,37,bb,,0.0005483283056814114,0.0033208213355272465,-0.07751539718451461,0.04356460532931139,0.002772493029845835,-0.08083621852004186,0.121080002513826,postencode_mask
Joint_minus_Baseline,0,37,mm,,0.005690388043329442,0.020020767631061753,0.05591877485259844,0.006555087069792798,0.014330379587732311,0.03589800722153669,-0.04936368778280564,postencode_mask
L1TSCE_minus_Baseline,0,37,mm,,0.01182412358882945,-0.01807655171625766,0.014316524978289724,0.016520550527903355,-0.02990067530508711,0.032393076694547385,0.0022040255496136307,postencode_mask
MT_x_Joint,0,37,,,0.03749942867589928,0.019136786416198093,-0.025267522510169393,0.0756255998903057,-0.01836264225970119,-0.044404308926367486,0.1008931224004751,original
MT_x_L1TSCE,0,37,,,0.0016798356871886577,0.03803861579596879,-6.641642671056935e-05,0.03628108003107988,0.03635878010878013,-0.03810503222267936,0.03634749645779045,original
MT_x_Joint,0,37,,,0.00781585652909178,0.05307529480323592,0.13326263197586719,-0.026899224141871514,0.04525943827414414,0.08018733717263127,-0.1601618561177387,postencode_mask
MT_x_L1TSCE,0,37,,,0.011275795283148038,-0.021397373051784907,0.09183192216280434,-0.027044054801408035,-0.032673168334932945,0.11322929521458924,-0.11887597696421237,postencode_mask
