configuration,configuration_label,objective,seed,epoch,train_loss,train_accuracy,train_balanced_accuracy,train_macro_f1,train_hidden_1_firing_rate,train_hidden_2_firing_rate,train_output_firing_rate,val_loss,val_accuracy,val_balanced_accuracy,val_macro_f1,val_hidden_1_firing_rate,val_hidden_2_firing_rate,val_output_firing_rate,val_silent_output_fraction,val_hidden_1_shift_3_firing_rate,val_hidden_2_shift_3_firing_rate
single_scale_3,Single-scale 3,timestep_ce,101,1,2.482328135872872,0.0963855421686747,0.09492202198570122,0.051987715053692984,0.0012611063191920546,0.0015845608555110791,0.003138939599488614,2.484696388244629,0.06349206349206349,0.09027777777777778,0.020879120879120878,0.0004464873584408744,0.0001851790887542797,8.778860503906593e-05,0.9761904761904762,0.0004464873584408744,0.0001851790887542797
single_scale_3,Single-scale 3,timestep_ce,101,2,2.480844787804477,0.0963855421686747,0.0943284797254923,0.06383169936838455,0.0012540405647579011,0.0016503770495921752,0.0024494615371731957,2.4847960472106934,0.05555555555555555,0.08333333333333333,0.00904392764857881,0.0004526599947326837,0.00021878566412079713,9.510432212565475e-05,0.9682539682539683,0.0004526599947326837,0.00021878566412079713
single_scale_3,Single-scale 3,timestep_ce,101,3,2.4796222019523846,0.10499139414802065,0.10260430665304877,0.07051711840183796,0.0012855747651029192,0.001837227000184233,0.0023294309433288113,2.484513521194458,0.06349206349206349,0.09027777777777778,0.020225694444444445,0.00046706281274690544,0.00028394126942322886,0.00019752436133789835,0.9603174603174603,0.00046706281274690544,0.00028394126942322886
single_scale_3,Single-scale 3,timestep_ce,101,4,2.4782868958176105,0.10843373493975904,0.10560298294181941,0.07063637539545124,0.001349820791531981,0.0021127914231162176,0.0027844306362738037,2.4842374324798584,0.07142857142857142,0.09722222222222222,0.031336805555555555,0.0005040986304977613,0.0003737874198928979,0.00035847013724285256,0.9444444444444444,0.0005040986304977613,0.0003737874198928979
single_scale_3,Single-scale 3,timestep_ce,101,5,2.475987106510366,0.11876075731497418,0.11597272617319787,0.0777437355396784,0.0014554145661312744,0.0025088662133418193,0.004023816302946053,2.4843108654022217,0.06349206349206349,0.09027777777777778,0.020948689553340717,0.0005575948116934422,0.0004890099640066719,0.000636467386533228,0.9285714285714286,0.0005575948116934422,0.0004890099640066719
single_scale_3,Single-scale 3,timestep_ce,101,6,2.474400480109525,0.13080895008605853,0.12733497285384077,0.09384794045126547,0.001606281508030884,0.003175794923543303,0.005132005739137231,2.4846856594085693,0.06349206349206349,0.09027777777777778,0.021091113610798646,0.0006453834167325081,0.0007297427793872355,0.001104673280074913,0.9047619047619048,0.0006453834167325081,0.0007297427793872355
single_scale_3,Single-scale 3,timestep_ce,101,7,2.4720027229256556,0.12564543889845095,0.12232026868426238,0.0916456967545153,0.0017915612909709078,0.0041564954695429345,0.006597495547702391,2.485262870788574,0.05555555555555555,0.07837301587301587,0.019047619047619046,0.0007674644456149591,0.0011446811078921957,0.0019313493108594506,0.8650793650793651,0.0007674644456149591,0.0011446811078921957
single_scale_3,Single-scale 3,timestep_ce,101,8,2.4694013094943075,0.1359724612736661,0.13208878720278092,0.09461253767286208,0.001970429555998459,0.0051742258026697035,0.008061589651687965,2.483971118927002,0.07142857142857142,0.09226190476190475,0.04156262098335269,0.0008765143534369239,0.0014862336493723116,0.0025312381119597343,0.8095238095238095,0.0008765143534369239,0.0014862336493723116
single_scale_3,Single-scale 3,timestep_ce,101,9,2.4656224903264268,0.13941480206540446,0.1363047514737766,0.10065366603262439,0.002187766928500846,0.006461894124642002,0.011334516890816822,2.480609655380249,0.06349206349206349,0.0853174603174603,0.029724499089253186,0.0010322019576858923,0.0021556217627951894,0.004967371901793814,0.7619047619047619,0.0010322019576858923,0.0021556217627951894
single_scale_3,Single-scale 3,timestep_ce,101,10,2.460267929119826,0.14457831325301204,0.1410873470228816,0.10313641822545892,0.0024422649354347062,0.008028921441372034,0.016994098961037513,2.4732282161712646,0.07936507936507936,0.0992063492063492,0.03926622418879056,0.0012022923799490826,0.0029114267843033973,0.008961753431071313,0.7142857142857143,0.0012022923799490826,0.0029114267843033973
single_scale_3,Single-scale 3,timestep_ce,101,11,2.4542160793343837,0.1342512908777969,0.13069794970345286,0.09428934482478206,0.002823423132965984,0.010636446522183329,0.02475002930979617,2.4645934104919434,0.11904761904761904,0.13392857142857142,0.04750000000000001,0.0014464544377139846,0.004350336888771837,0.013812073859479706,0.6428571428571429,0.0014464544377139846,0.004350336888771837
single_scale_3,Single-scale 3,timestep_ce,101,12,2.4491776742951594,0.14457831325301204,0.14140297711838593,0.09894075823769481,0.003209946069975045,0.013437887308020835,0.030663629613501487,2.458516836166382,0.12698412698412698,0.14087301587301587,0.05470881775229602,0.0017187362830304626,0.0060443826266350625,0.018494132794896555,0.5793650793650794,0.0017187362830304626,0.0060443826266350625
single_scale_3,Single-scale 3,timestep_ce,101,13,2.4442532411335667,0.153184165232358,0.15019801913669836,0.0995237127962596,0.003618320506808247,0.01656566127087276,0.0362813405463346,2.455699920654297,0.1349206349206349,0.14285714285714285,0.05525162098437961,0.0020019917039768237,0.008003165876569221,0.02365171334094168,0.5317460317460317,0.0020019917039768237,0.008003165876569221
single_scale_3,Single-scale 3,timestep_ce,101,14,2.438466857920005,0.1738382099827883,0.16856594590478235,0.12239775760857419,0.0039861322792972345,0.019579990620865226,0.03875452906136076,2.453643560409546,0.15079365079365079,0.15674603174603172,0.07269330734243014,0.0022495830041260644,0.009966064217364587,0.024917332396921545,0.4603174603174603,0.0022495830041260644,0.009966064217364587
single_scale_3,Single-scale 3,timestep_ce,101,15,2.4327895612601775,0.18244406196213425,0.17661810819043525,0.132333309488697,0.004360486417003031,0.02255532747416551,0.044005169689762785,2.44752836227417,0.12698412698412698,0.13095238095238096,0.05105588044184536,0.0025492987885172504,0.012066132253533491,0.02864103239399526,0.42857142857142855,0.0025492987885172504,0.012066132253533491
single_scale_3,Single-scale 3,timestep_ce,101,16,2.4265897864934294,0.17555938037865748,0.17070451226504688,0.13049040352237493,0.004722148366188219,0.02529592426348669,0.05107720479452437,2.4489474296569824,0.1349206349206349,0.14285714285714288,0.05828360329639102,0.0028215806338337283,0.014122305987182863,0.0358835923097182,0.40476190476190477,0.0028215806338337283,0.014122305987182863
single_scale_3,Single-scale 3,timestep_ce,101,17,2.4205635570618043,0.20654044750430292,0.1986250089591285,0.1477785815261611,0.005023228013465757,0.027871522602039962,0.05232775609783331,2.4409573078155518,0.14285714285714285,0.14484126984126983,0.06545354287289772,0.0030472247827232025,0.016118125054867878,0.03881719486144032,0.373015873015873,0.0030472247827232025,0.016118125054867878
single_scale_3,Single-scale 3,timestep_ce,101,18,2.4151198322309275,0.20481927710843373,0.19843856949595942,0.15600431792052638,0.005417601788734989,0.031072571055320148,0.062668531327985,2.4364140033721924,0.1349206349206349,0.13293650793650794,0.0614647929167399,0.0033489981125449917,0.018602268238082698,0.04834225850817897,0.3253968253968254,0.0033489981125449917,0.018602268238082698
single_scale_3,Single-scale 3,timestep_ce,101,19,2.40930223382894,0.22719449225473323,0.2193246608969879,0.16205095756709043,0.005785806103136986,0.0343150981040749,0.0674083440802586,2.4346022605895996,0.15079365079365079,0.14682539682539683,0.07727227673704033,0.0036329393819682205,0.021077495391098235,0.053514470488397275,0.31746031746031744,0.0036329393819682205,0.021077495391098235
single_scale_3,Single-scale 3,timestep_ce,101,20,2.4026059579110597,0.23924268502581755,0.22926254054005626,0.16900480210872385,0.006078380675632673,0.036902080158105414,0.06688076774917513,2.429816484451294,0.16666666666666666,0.16071428571428573,0.0851811848405401,0.0038613269247651655,0.023102120094811694,0.054911772451935736,0.29365079365079366,0.0038613269247651655,0.023102120094811694
single_scale_3,Single-scale 3,timestep_ce,101,21,2.397929611386613,0.2512908777969019,0.24215866840473757,0.18220511728234,0.006379198628301539,0.039273295007285575,0.07239519654311889,2.4247210025787354,0.19047619047619047,0.18154761904761907,0.09693876029526476,0.004100688043191993,0.025187785312966376,0.05919878266467679,0.2698412698412698,0.004100688043191993,0.025187785312966376
single_scale_3,Single-scale 3,timestep_ce,101,22,2.391159622271172,0.24440619621342513,0.23393906000824238,0.17731724448897837,0.006666015919406435,0.04213335538546569,0.07250824861406535,2.420663833618164,0.1746031746031746,0.1626984126984127,0.08756239712182384,0.004341420858572557,0.027890714160301994,0.060376613115617594,0.2619047619047619,0.004341420858572557,0.027890714160301994
single_scale_3,Single-scale 3,timestep_ce,101,23,2.386028702205717,0.2495697074010327,0.2407487367628877,0.18914405202506623,0.007027154479374278,0.045674737677324266,0.07048726838282501,2.415759563446045,0.2222222222222222,0.20853174603174604,0.13912578279003293,0.004608901764550961,0.030663599552278115,0.05891346969829983,0.25396825396825395,0.004608901764550961,0.030663599552278115
single_scale_3,Single-scale 3,timestep_ce,101,24,2.3799847752214913,0.26506024096385544,0.25845532306617214,0.2066535070617663,0.007327972432043144,0.04766139229906041,0.07886149586034022,2.4187166690826416,0.18253968253968253,0.17242063492063495,0.11037141717380049,0.00485992230708454,0.0323946811078922,0.0697334152693647,0.25396825396825395,0.00485992230708454,0.0323946811078922
single_scale_3,Single-scale 3,timestep_ce,101,25,2.3741097827786626,0.27538726333907054,0.2649896634055439,0.20587507194674656,0.007568077235500025,0.04986394497295125,0.07709453386258451,2.4161202907562256,0.20634920634920634,0.19325396825396826,0.13091422466422467,0.005035499517162673,0.03412164757264507,0.06994557106487578,0.23809523809523808,0.005035499517162673,0.03412164757264507
single_scale_3,Single-scale 3,timestep_ce,101,26,2.3731418702360276,0.2943201376936317,0.28601910086186816,0.22427342678698295,0.0077677502219170285,0.05103659851441204,0.08148402476538207,2.4126415252685547,0.20634920634920634,0.19186507936507938,0.11935057841058332,0.005169239970151875,0.035207345711526644,0.07245486202557574,0.23809523809523808,0.005169239970151875,0.035207345711526644
single_scale_3,Single-scale 3,timestep_ce,101,27,2.3649775370468165,0.3029259896729776,0.2925426230536293,0.2385545505896608,0.007977236756159245,0.05297981183110858,0.08271782761373597,2.409789562225342,0.1984126984126984,0.1849206349206349,0.10683967332903503,0.005333843604600123,0.03704199038714775,0.07445936850730109,0.23809523809523808,0.005333843604600123,0.03704199038714775
single_scale_3,Single-scale 3,timestep_ce,101,28,2.360193898058184,0.32013769363166955,0.3077000797362432,0.2584735791209564,0.008220743589528866,0.05542377778149966,0.08288810357244544,2.4070141315460205,0.20634920634920634,0.19325396825396823,0.11887832055899283,0.0055080491177245195,0.03886977657800018,0.0753665174260381,0.23809523809523808,0.0055080491177245195,0.03886977657800018
single_scale_3,Single-scale 3,timestep_ce,101,29,2.355623218976282,0.3270223752151463,0.31694404128366394,0.2663127403345548,0.008479952099418828,0.05774618658616243,0.08010088152701246,2.4035308361053467,0.23809523809523808,0.22473544973544976,0.15732323232323234,0.005720662145553507,0.040823073040119395,0.07519094021595997,0.2222222222222222,0.005720662145553507,0.040823073040119395
single_scale_3,Single-scale 3,timestep_ce,101,30,2.3509088773120084,0.33390705679862304,0.3229499610277912,0.27858861131321233,0.008697420319225551,0.05960238644547541,0.08466623120683783,2.4001259803771973,0.20634920634920634,0.18968253968253967,0.1174311138596853,0.005882522386094285,0.04254043762619612,0.07954379188248033,0.2222222222222222,0.005882522386094285,0.04254043762619612
single_scale_3,Single-scale 3,timestep_ce,101,31,2.3467379810477698,0.3459552495697074,0.3327519194932717,0.2872453051636157,0.008913187524075904,0.0613197573148877,0.08761814639266194,2.400263547897339,0.2222222222222222,0.2035714285714286,0.1349511777753448,0.006062214687033623,0.04412063251689931,0.0823091329412109,0.20634920634920634,0.006062214687033623,0.04412063251689931
single_scale_3,Single-scale 3,timestep_ce,101,32,2.3410348658307285,0.36316695352839934,0.3492545109211776,0.30275169600783647,0.009165330279531713,0.06362921223642119,0.0877716738964164,2.3967785835266113,0.23809523809523808,0.22162698412698412,0.14939822082679224,0.006248765472741638,0.0459916271617944,0.08206771427735346,0.1984126984126984,0.006248765472741638,0.0459916271617944
single_scale_3,Single-scale 3,timestep_ce,101,33,2.3367919101157,0.3648881239242685,0.3511964468096544,0.3048220269396322,0.009463531286113856,0.0669157039794329,0.08635642945271632,2.394904851913452,0.23809523809523808,0.22162698412698414,0.1495133684136385,0.006505272803090159,0.04878371631112281,0.08248471015128903,0.18253968253968253,0.006505272803090159,0.04878371631112281
single_scale_3,Single-scale 3,timestep_ce,101,34,2.3328212637088797,0.35800344234079173,0.34361848987565785,0.2963763750584047,0.009723524879829836,0.06903163573785319,0.0967279101836189,2.3907313346862793,0.23809523809523808,0.2251984126984127,0.16500780268716933,0.006710341497673602,0.050688317531384426,0.09280718696046586,0.1746031746031746,0.006710341497673602,0.050688317531384426
single_scale_3,Single-scale 3,timestep_ce,101,35,2.325950966849795,0.37865748709122204,0.36357724428802857,0.3185019881705618,0.010043839080844792,0.07150216369102451,0.09993523930750721,2.3854053020477295,0.25396825396825395,0.2341269841269841,0.17178754570348498,0.006938729040470547,0.052859027960670706,0.09491411348140345,0.1746031746031746,0.006938729040470547,0.052859027960670706
single_scale_3,Single-scale 3,timestep_ce,101,36,2.3219818436955832,0.387263339070568,0.37140843955170627,0.3280214118339848,0.010367031922555144,0.07468973487195806,0.10146493152673333,2.3816452026367188,0.25396825396825395,0.23644179894179895,0.18351815934798668,0.00722129861294004,0.055882933895180405,0.09825739618997455,0.16666666666666666,0.00722129861294004,0.055882933895180405
single_scale_3,Single-scale 3,timestep_ce,101,37,2.3162670968526817,0.39070567986230637,0.37524882727643555,0.33088696925779654,0.010725160994523255,0.07717936653156246,0.10276991530864611,2.380430221557617,0.23809523809523808,0.22255291005291003,0.17251958754516297,0.007493580458256518,0.05821481871653059,0.10021800836918035,0.15079365079365079,0.007493580458256518,0.05821481871653059
single_scale_3,Single-scale 3,timestep_ce,101,38,2.3118838086185685,0.40619621342512907,0.3897366674993386,0.3462843425347222,0.011030035213626542,0.0795262437821361,0.10273920980789522,2.3764474391937256,0.2698412698412698,0.2523508898508899,0.2089148815887538,0.007714423667807918,0.060360838600649634,0.10095689579492582,0.14285714285714285,0.007714423667807918,0.060360838600649634
single_scale_3,Single-scale 3,timestep_ce,101,39,2.3090639212866044,0.40619621342512907,0.38892978731029043,0.3351774118821238,0.011329544693252048,0.0816263430167317,0.10698913025273418,2.374643325805664,0.2857142857142857,0.2752344877344877,0.21911652934863135,0.007941439513651128,0.062140615398121324,0.10231761917303134,0.12698412698412698,0.007941439513651128,0.062140615398121324
single_scale_3,Single-scale 3,timestep_ce,101,40,2.3026013476918363,0.4165232358003442,0.39998239267754615,0.35682308711374716,0.011624605364530123,0.08381960553201467,0.11544849570960412,2.3736672401428223,0.2777777777777778,0.2682900432900433,0.21553336297918343,0.008180800632077956,0.06435522012992713,0.11343750914464636,0.11904761904761904,0.008180800632077956,0.06435522012992713
single_scale_3,Single-scale 3,timestep_ce,101,41,2.2955618200121566,0.44922547332185886,0.43022887806415366,0.38675508094920524,0.011988099175976017,0.08686926365417791,0.12074938170287125,2.3702025413513184,0.29365079365079366,0.275036075036075,0.2229348599905078,0.008467485295408656,0.06721657997541919,0.11785620226494602,0.09523809523809523,0.008467485295408656,0.06721657997541919
single_scale_3,Single-scale 3,timestep_ce,101,42,2.2941480827823972,0.46471600688468157,0.444869120308447,0.39834187319327646,0.012340078424640327,0.09161143165792955,0.10865420581618013,2.3716812133789062,0.29365079365079366,0.28231120731120735,0.22697320377958718,0.008740452989202,0.0714674688350452,0.10531706317853276,0.07142857142857142,0.008740452989202,0.0714674688350452
single_scale_3,Single-scale 3,timestep_ce,101,43,2.288268860769354,0.46815834767641995,0.4504889180851075,0.4022576234564647,0.012645737727569632,0.09286651900112215,0.11772628558348826,2.363842725753784,0.29365079365079366,0.28525132275132276,0.2240126050420168,0.008970212228952681,0.07293792796944956,0.11549322564597782,0.07142857142857142,0.008970212228952681,0.07293792796944956
single_scale_3,Single-scale 3,timestep_ce,101,44,2.2816904485738627,0.47332185886402756,0.4546465070466181,0.41950609022742275,0.012896310315373407,0.09421293776274138,0.12339424188118646,2.356492042541504,0.2777777777777778,0.2654761904761905,0.2020964557620466,0.009139616802739005,0.07403528553243789,0.11814883094840957,0.05555555555555555,0.009139616802739005,0.07403528553243789
single_scale_3,Single-scale 3,timestep_ce,101,45,2.276115623891046,0.5094664371772806,0.4896671387336852,0.4460957875562115,0.013199483519520324,0.09628163364429632,0.12242981001669263,2.361187219619751,0.31746031746031744,0.3017556517556518,0.2577945727764007,0.009362517557721007,0.07576225199719076,0.11994849735171041,0.047619047619047616,0.009362517557721007,0.07576225199719076
single_scale_3,Single-scale 3,timestep_ce,101,46,2.2707060622676516,0.5146299483648882,0.4944190071072239,0.45405554767963247,0.01351809670557891,0.09817695684760581,0.11969981185902268,2.3560070991516113,0.2857142857142857,0.27334656084656084,0.22861178439955399,0.009601192827670968,0.07792061715389342,0.11898282269628069,0.047619047619047616,0.009601192827670968,0.07792061715389342
single_scale_3,Single-scale 3,timestep_ce,101,47,2.2638697341058833,0.5266781411359724,0.5048854134058074,0.4573280130086826,0.013811718056509287,0.09895589085031906,0.12166635961165916,2.350792646408081,0.30158730158730157,0.2863095238095238,0.22928316756978084,0.009813805855499956,0.07888011917303134,0.11896087554502092,0.047619047619047616,0.009813805855499956,0.07888011917303134
single_scale_3,Single-scale 3,timestep_ce,101,48,2.2621943491050995,0.5456110154905336,0.527170415403166,0.4809979302294283,0.01407537537474668,0.10210041326812601,0.12375014654898085,2.347893476486206,0.3253968253968254,0.311477873977874,0.26725768321513005,0.010020246247037134,0.08173873562461592,0.12215784391186024,0.03968253968253968,0.010020246247037134,0.08173873562461592
single_scale_3,Single-scale 3,timestep_ce,101,49,2.2570163194160657,0.5266781411359724,0.5036864218084159,0.45941399622519136,0.014330135076289212,0.10347574928400355,0.12439077495101077,2.345055103302002,0.31746031746031744,0.3017556517556517,0.25097018732602255,0.010228744184004917,0.082801114915284,0.12266262839083487,0.03968253968253968,0.010228744184004917,0.082801114915284
single_scale_3,Single-scale 3,timestep_ce,101,50,2.250220329133656,0.5576592082616179,0.5389979669365998,0.4988804320091116,0.01462375642721959,0.10657395175607551,0.1226000859754021,2.3436219692230225,0.31746031746031744,0.3031445406445406,0.26769699890428317,0.010444100605741375,0.08530720524975859,0.1239501945980745,0.03968253968253968,0.010444100605741375,0.08530720524975859
single_scale_3,Single-scale 3,timestep_ce,101,51,2.2461272311908242,0.5938037865748709,0.5750947579348893,0.5317253582522287,0.01489945169745591,0.10789263088917547,0.12518493085679513,2.3433263301849365,0.30952380952380953,0.2962000962000962,0.24912249987714383,0.010643682512509876,0.08680166908085331,0.12655458988090013,0.03968253968253968,0.010643682512509876,0.08680166908085331
single_scale_3,Single-scale 3,timestep_ce,101,52,2.24373910882592,0.5697074010327022,0.5492359022843669,0.5056365655202438,0.015122284656740415,0.10887725685430519,0.12900218288196247,2.3420639038085938,0.31746031746031744,0.30251322751322746,0.25024176167591977,0.010853552146431394,0.0880272803090159,0.13106838732332543,0.03968253968253968,0.010853552146431394,0.0880272803090159
single_scale_3,Single-scale 3,timestep_ce,101,53,2.239931215312518,0.5714285714285714,0.551239036266552,0.5136512767293223,0.015300760379854958,0.11092357784681862,0.11987985774978925,2.3453054428100586,0.3253968253968254,0.3121091871091871,0.26560958270054374,0.0109680888420683,0.09003887389166886,0.12147748222280748,0.03968253968253968,0.0109680888420683,0.09003887389166886
single_scale_3,Single-scale 3,timestep_ce,101,54,2.235107405050281,0.5920826161790017,0.5731502449794624,0.5302680052388542,0.015486825246620999,0.11160162857788869,0.1219873716649639,2.3398120403289795,0.31746031746031744,0.30516474266474264,0.26760026988859936,0.011133378324993415,0.09079467891317707,0.12446961051122231,0.03968253968253968,0.011133378324993415,0.09079467891317707
single_scale_3,Single-scale 3,timestep_ce,101,55,2.228265072925981,0.5817555938037866,0.5606325395018514,0.5167448942979046,0.01566817961043094,0.11321628431339709,0.125060713149212,2.3323729038238525,0.3253968253968254,0.31706950456950456,0.26239915055704527,0.011280835747519972,0.09234332477394434,0.12659116846633306,0.03968253968253968,0.011280835747519972,0.09234332477394434
single_scale_3,Single-scale 3,timestep_ce,101,56,2.2245464513716313,0.6161790017211703,0.5959583566534177,0.553515716429264,0.015871778015978028,0.1151167105615757,0.12760647830237662,2.333766460418701,0.30158730158730157,0.28988696488696486,0.2473415376046955,0.011448868624352558,0.09405108748134493,0.13032218418049338,0.03968253968253968,0.011448868624352558,0.09405108748134493
single_scale_3,Single-scale 3,timestep_ce,101,57,2.2225017863583854,0.6161790017211703,0.5958831151258547,0.549583164878027,0.016087676068132713,0.11661765998961596,0.1244856828624226,2.331615686416626,0.3253968253968254,0.3128667628667629,0.2651120516310595,0.011609357167939602,0.09548108155561408,0.12574254528428877,0.03968253968253968,0.011609357167939602,0.09548108155561408
single_scale_3,Single-scale 3,timestep_ce,101,58,2.2183435902948427,0.6075731497418244,0.5878475048300243,0.5442257455591601,0.016273871782203093,0.1195914266752642,0.1207437988845529,2.3383963108062744,0.2698412698412698,0.25916305916305915,0.19660349648229233,0.01176504477218857,0.0982731707049425,0.12330641149445469,0.03968253968253968,0.01176504477218857,0.0982731707049425
single_scale_3,Single-scale 3,timestep_ce,101,59,2.213890835668462,0.6368330464716007,0.6173732592940419,0.5725481693318976,0.016471058669837706,0.119996922471402,0.12944880834742994,2.3337929248809814,0.2777777777777778,0.2691798941798942,0.21899705243809373,0.011916617285576333,0.09883625230445088,0.13244374213560414,0.03968253968253968,0.011916617285576333,0.09883625230445088
single_scale_3,Single-scale 3,timestep_ce,101,60,2.2115474699286297,0.6454388984509466,0.6245191523768567,0.5778968928974741,0.016671516740080727,0.12161354091647546,0.12575716973442533,2.3301546573638916,0.30952380952380953,0.29897787397787395,0.2541404787010707,0.012068875647440962,0.10010095689579493,0.12590349106019372,0.03968253968253968,0.012068875647440962,0.10010095689579493
single_scale_3,Single-scale 3,timestep_ce,101,61,2.2079486411943288,0.6368330464716007,0.6182807518131694,0.5723288391494002,0.01684410433450014,0.12332620128293165,0.1205665444029455,2.336136817932129,0.2698412698412698,0.2608465608465608,0.21642357535899734,0.012214961373013783,0.10193011478360109,0.12351856728996576,0.03968253968253968,0.012214961373013783,0.10193011478360109
single_scale_3,Single-scale 3,timestep_ce,101,62,2.2047831852136506,0.6402753872633391,0.6202673687197827,0.5771842912429199,0.016945249300752006,0.12401118692113153,0.12573902557489072,2.33315372467041,0.29365079365079366,0.28231120731120735,0.2422781056423987,0.01229040470546923,0.1026879773505399,0.12812746905451672,0.03968253968253968,0.01229040470546923,0.1026879773505399
single_scale_3,Single-scale 3,timestep_ce,101,63,2.2016190382781824,0.6282271944922547,0.6082019463970074,0.5654755443274314,0.017125556886127255,0.12490291130018256,0.12515143394688508,2.336918354034424,0.2619047619047619,0.25238696488696494,0.21699457460058794,0.012449521552102537,0.10347533140198402,0.12829573054750826,0.03968253968253968,0.012449521552102537,0.10347533140198402
single_scale_3,Single-scale 3,timestep_ce,101,64,2.2008252800434263,0.6454388984509466,0.6252914635052538,0.5846680725885761,0.01728950855846048,0.12701805797477683,0.12109272502944937,2.3329451084136963,0.31746031746031744,0.30516474266474264,0.2586537202015618,0.0125798327627074,0.10544028728820999,0.12361367161209141,0.03968253968253968,0.0125798327627074,0.10544028728820999
single_scale_3,Single-scale 3,timestep_ce,101,65,2.199086549154863,0.6419965576592083,0.6233519755668756,0.576537003485444,0.017513126601571005,0.1271417086773745,0.12236142049229291,2.3341224193573,0.30952380952380953,0.29897787397787395,0.25510343418345127,0.012745122245632517,0.10581544640505662,0.1259912796652328,0.03968253968253968,0.012745122245632517,0.10581544640505662
single_scale_3,Single-scale 3,timestep_ce,101,66,2.1962879024151065,0.612736660929432,0.593255962695243,0.5472258496791781,0.017681003693034318,0.1284437702028238,0.1286839622378169,2.329188823699951,0.2777777777777778,0.2664021164021164,0.21484579052248223,0.01289326551663594,0.10717411223773154,0.13226084920843942,0.03968253968253968,0.01289326551663594,0.10717411223773154
single_scale_3,Single-scale 3,timestep_ce,101,67,2.192960156836321,0.6523235800344234,0.6327482370279726,0.5888521868925551,0.017825459117021453,0.12879051555931464,0.12769440769089052,2.3228113651275635,0.30158730158730157,0.2878667628667629,0.25237349603179454,0.012974195636906329,0.10780372113949609,0.13125859596757675,0.03968253968253968,0.012974195636906329,0.10780372113949609
single_scale_3,Single-scale 3,timestep_ce,101,68,2.1907336391803525,0.6643717728055077,0.6462847686647631,0.5968223890572166,0.01801414092987422,0.12900968479407773,0.1215728474048269,2.323199510574341,0.2857142857142857,0.273977873977874,0.23824722061564163,0.01312371060486349,0.10814184443859187,0.12475492347759927,0.03968253968253968,0.01312371060486349,0.10814184443859187
single_scale_3,Single-scale 3,timestep_ce,101,69,2.1855946641780832,0.6471600688468159,0.6291935512983885,0.5842938032439721,0.018177176671077093,0.13107615627145897,0.12766091078098046,2.325521469116211,0.2857142857142857,0.2712000962000962,0.2368068236163645,0.013243048239838469,0.1100162683258713,0.1320633248471015,0.031746031746031744,0.013243048239838469,0.1100162683258713
single_scale_3,Single-scale 3,timestep_ce,101,70,2.184769206941641,0.6557659208261618,0.6368545007235814,0.5911290809512163,0.01837462525332038,0.132981816411811,0.1257404212794703,2.323969841003418,0.30158730158730157,0.28584656084656085,0.2402746926276338,0.013399421692564304,0.11167396409446054,0.1312878588359231,0.031746031746031744,0.013399421692564304,0.11167396409446054
single_scale_3,Single-scale 3,timestep_ce,101,71,2.1799718406237343,0.6626506024096386,0.64445519737487,0.5981928216103997,0.018611458874168856,0.13400779012511096,0.12560922504898922,2.3237459659576416,0.30952380952380953,0.30019841269841274,0.26101105684439013,0.013614092265823895,0.11308201101746994,0.13053433997600444,0.031746031746031744,0.013614092265823895,0.11308201101746994
single_scale_3,Single-scale 3,timestep_ce,101,72,2.180701241846134,0.6557659208261618,0.6366944979357114,0.5937775194171444,0.018807991525281793,0.1368784491349423,0.12653736859441383,2.3299667835235596,0.2698412698412698,0.25945767195767194,0.2029749446770723,0.013767036476165393,0.11586106904573787,0.131485383197261,0.031746031746031744,0.013767036476165393,0.11586106904573787
single_scale_3,Single-scale 3,timestep_ce,101,73,2.1804320717842773,0.6557659208261618,0.6378783611224418,0.590966396612005,0.019022842799001793,0.13633569451655586,0.12559108088945461,2.3185250759124756,0.30952380952380953,0.2988095238095238,0.25176406926406925,0.013958388201211482,0.11568206259327539,0.12891025078278173,0.031746031746031744,0.013958388201211482,0.11568206259327539
single_scale_3,Single-scale 3,timestep_ce,101,74,2.174274344452482,0.6609294320137694,0.6437708108696362,0.5965983351472252,0.019180121258813874,0.13734779841559616,0.12874816464847785,2.321398973464966,0.2777777777777778,0.26871693121693124,0.21604578960604895,0.014057150381880433,0.11657915240101835,0.13526029321394084,0.031746031746031744,0.014057150381880433,0.11657915240101835
single_scale_3,Single-scale 3,timestep_ce,101,75,2.170119852699634,0.6626506024096386,0.6447287505283251,0.60082659845034,0.019322352278627296,0.13721825958430334,0.13056118489735988,2.3227243423461914,0.31746031746031744,0.3060846560846561,0.2560112402217665,0.014187461592485295,0.1166607683697656,0.13857431305416557,0.031746031746031744,0.014187461592485295,0.1166607683697656
single_scale_3,Single-scale 3,timestep_ce,101,76,2.167236107351858,0.6712564543889845,0.6525482482005327,0.6069597059236066,0.019411982682097578,0.1379473407640645,0.12368036132000157,2.319244623184204,0.29365079365079366,0.2802910052910053,0.23808041238811148,0.01425467474321833,0.11744606487577912,0.1293199309396307,0.031746031746031744,0.01425467474321833,0.11744606487577912
single_scale_3,Single-scale 3,timestep_ce,101,77,2.1643919083009284,0.685025817555938,0.665617384082053,0.6180983745289214,0.019550157435476577,0.13969912447451724,0.12310672673779177,2.323120594024658,0.30952380952380953,0.2962000962000962,0.2581619971555808,0.014357552014748486,0.11925190391537178,0.13055628712726422,0.031746031746031744,0.014357552014748486,0.11925190391537178
single_scale_3,Single-scale 3,timestep_ce,101,78,2.1625196400279636,0.6884681583476764,0.66938200656546,0.6188162074099169,0.01974708262850252,0.14053968755757282,0.12456105090972025,2.3188092708587646,0.30952380952380953,0.29556878306878304,0.2502575884154831,0.014502266043367571,0.12034583223597577,0.12960524390600767,0.031746031746031744,0.014502266043367571,0.12034583223597577
single_scale_3,Single-scale 3,timestep_ce,101,79,2.158970821334655,0.6970740103270223,0.677694085025291,0.6293774985488292,0.019907763118227343,0.14269291079772892,0.12472993116385013,2.319230079650879,0.29365079365079366,0.28399470899470897,0.24325888032784584,0.014644922526556053,0.1222243712141164,0.13073918005442894,0.031746031746031744,0.014644922526556053,0.1222243712141164
single_scale_3,Single-scale 3,timestep_ce,101,80,2.155004848096129,0.7056798623063684,0.6864548708936887,0.6343640817447808,0.02012758658951212,0.1440384136282178,0.12123369119198754,2.31855845451355,0.30158730158730157,0.2918650793650794,0.2488200179550127,0.014797866736897551,0.1232778344745852,0.12877856787522313,0.023809523809523808,0.014797866736897551,0.1232778344745852
single_scale_3,Single-scale 3,timestep_ce,101,81,2.1556639716465176,0.6901893287435457,0.6710235066450383,0.6213097439276462,0.02029965079471419,0.14510377238012293,0.12330910390183172,2.3120360374450684,0.30158730158730157,0.28584656084656085,0.24826086453236904,0.014934350583794224,0.12417972522166623,0.13098059871828638,0.023809523809523808,0.014934350583794224,0.12417972522166623
single_scale_3,Single-scale 3,timestep_ce,101,82,2.152759848281151,0.7039586919104991,0.6846445670000517,0.6328152308495975,0.02043704046426717,0.14540367440166144,0.12630149452046383,2.309614419937134,0.3253968253968254,0.3176587301587302,0.2706950783014364,0.015059175006584146,0.12453225133877623,0.13387762268457554,0.031746031746031744,0.015059175006584146,0.12453225133877623
single_scale_3,Single-scale 3,timestep_ce,101,83,2.150106164141079,0.6970740103270223,0.6779534629930023,0.62862743800046,0.02056226133451689,0.14718869332741555,0.12326723276444415,2.314790725708008,0.30952380952380953,0.29649470899470903,0.2542785276012541,0.015134618339039592,0.126244129137038,0.13051970854183126,0.031746031746031744,0.015134618339039592,0.126244129137038
single_scale_3,Single-scale 3,timestep_ce,101,84,2.1462392355611937,0.7039586919104991,0.6853193573564459,0.6344824234290082,0.020747671964761252,0.1482577158038421,0.12347379704222286,2.315370559692383,0.31746031746031744,0.30482804232804234,0.256423176912773,0.015279332367658677,0.12750883372838206,0.13008076551663594,0.023809523809523808,0.015279332367658677,0.12750883372838206
single_scale_3,Single-scale 3,timestep_ce,101,85,2.1467062294380597,0.6987951807228916,0.6788231031944036,0.6311242449524763,0.020902071783877936,0.1480569960389904,0.12483740041647824,2.314229965209961,0.30952380952380953,0.2992724867724868,0.24532663522586082,0.015419931305416556,0.12754998463699413,0.13113422877710473,0.023809523809523808,0.015419931305416556,0.12754998463699413
single_scale_3,Single-scale 3,timestep_ce,101,86,2.1460323337843823,0.6970740103270223,0.6791400237996612,0.6285684772263002,0.021069163791515234,0.14809768955063896,0.1239246096214291,2.3209898471832275,0.29365079365079366,0.28386243386243387,0.24392551335789278,0.015553671758405758,0.12783872684575542,0.13051970854183126,0.023809523809523808,0.015553671758405758,0.12783872684575542
single_scale_3,Single-scale 3,timestep_ce,101,87,2.1446068130959333,0.7056798623063684,0.6856862995426628,0.6351769519404151,0.0212195073441975,0.14906674468655268,0.12075077740745083,2.3189072608947754,0.30952380952380953,0.2929232804232805,0.2545957747044703,0.01566683675708893,0.12894225704503556,0.12700084862318203,0.023809523809523808,0.01566683675708893,0.12894225704503556
single_scale_3,Single-scale 3,timestep_ce,101,88,2.1393203747662333,0.6970740103270223,0.6785613550102081,0.6314130309410623,0.02139863730383372,0.1487919653474467,0.12539847365747175,2.315216064453125,0.31746031746031744,0.3102513227513228,0.256025344907858,0.01581909511895356,0.12905267864981126,0.13340210107394726,0.023809523809523808,0.01581909511895356,0.12905267864981126
single_scale_3,Single-scale 3,timestep_ce,101,89,2.1368088771472085,0.7039586919104991,0.6841755665067725,0.6400157250138286,0.021519016823823,0.14897227293282195,0.13289480295442746,2.3037867546081543,0.3412698412698413,0.31792328042328044,0.28618102451018596,0.015917171451145642,0.12947310376613116,0.1420273315190355,0.023809523809523808,0.015917171451145642,0.12947310376613116
single_scale_3,Single-scale 3,timestep_ce,101,90,2.1353683923074587,0.7056798623063684,0.6857591385745287,0.6442225940687887,0.021697361699633207,0.14939255447434974,0.12469224714020131,2.3150651454925537,0.3333333333333333,0.3177910052910053,0.27895135566188195,0.01607834584320955,0.12952385655341936,0.13381909694788283,0.023809523809523808,0.01607834584320955,0.12952385655341936
single_scale_3,Single-scale 3,timestep_ce,101,91,2.1306418473872384,0.7142857142857143,0.693520467787717,0.6565600392007495,0.021833966285360176,0.1513061963002663,0.12405999296564892,2.318016290664673,0.31746031746031744,0.29570105820105824,0.26523002956464903,0.01618328066017031,0.1320416063120007,0.13303631521961784,0.023809523809523808,0.01618328066017031,0.1320416063120007
single_scale_3,Single-scale 3,timestep_ce,101,92,2.129030386880425,0.7177280550774526,0.6984406926776515,0.6541156434388912,0.02197881425126032,0.1518679237777815,0.12986612401672612,2.315873622894287,0.3333333333333333,0.3177910052910053,0.277553834418823,0.016331423931173733,0.13258205491177244,0.13861089163959853,0.023809523809523808,0.016331423931173733,0.13258205491177244
single_scale_3,Single-scale 3,timestep_ce,101,93,2.1295902216085674,0.7314974182444062,0.7108807422743327,0.6736029629238361,0.02210338088498836,0.15402533413167635,0.12747249066273636,2.3125033378601074,0.31746031746031744,0.3152116402116402,0.24897004193693498,0.016411668202967255,0.13449145707137214,0.1348140344716589,0.023809523809523808,0.016411668202967255,0.13449145707137214
single_scale_3,Single-scale 3,timestep_ce,101,94,2.1256752781531487,0.7228915662650602,0.7017201520047894,0.6698973360195651,0.022271388823756007,0.15409075778384443,0.12673276723555585,2.3052549362182617,0.3253968253968254,0.31891534391534393,0.2696588641710593,0.01654815204986393,0.13473150403827583,0.13487256020835162,0.023809523809523808,0.01654815204986393,0.13473150403827583
single_scale_3,Single-scale 3,timestep_ce,101,95,2.124769905142858,0.7280550774526678,0.7075060032748249,0.6763131436281427,0.022439396762523656,0.1545734534895406,0.1233509750392193,2.3069941997528076,0.3412698412698413,0.33062169312169315,0.2917574912177611,0.016668175533315777,0.1350229896409446,0.13177801188072455,0.023809523809523808,0.016668175533315777,0.1350229896409446
single_scale_3,Single-scale 3,timestep_ce,101,96,2.1218077746603043,0.7487091222030982,0.7265925338312501,0.695707764380416,0.02257573965364195,0.15487466398412247,0.12696305849118752,2.313210964202881,0.3253968253968254,0.308994708994709,0.2839435340461332,0.01676213677464665,0.13557166842243876,0.13522371462850788,0.023809523809523808,0.01676213677464665,0.13557166842243876
single_scale_3,Single-scale 3,timestep_ce,101,97,2.119381943996515,0.7314974182444062,0.7105786990923876,0.6761243831283528,0.02267910902406753,0.15497554725576565,0.13131346966575666,2.3077423572540283,0.3333333333333333,0.3191798941798942,0.27508620508393355,0.016851297076639453,0.13578153805636028,0.1415005998888011,0.023809523809523808,0.016851297076639453,0.13578153805636028
single_scale_3,Single-scale 3,timestep_ce,101,98,2.118960482323231,0.7349397590361446,0.7129090494312007,0.6814912014910944,0.022775412640058956,0.15545510262615775,0.1261158658113789,2.309284210205078,0.3412698412698413,0.3247354497354497,0.2694824150225232,0.016931541348432975,0.1364454393819682,0.1347628244520528,0.015873015873015872,0.016931541348432975,0.1364454393819682
single_scale_3,Single-scale 3,timestep_ce,101,99,2.1172212310994554,0.7469879518072289,0.7248355828650871,0.6965962546138972,0.02284162137605306,0.15547368294337346,0.12413536101294656,2.3105404376983643,0.373015873015873,0.36117724867724865,0.3189560295748881,0.01698572337810552,0.13668548634887193,0.13404588417756708,0.015873015873015872,0.01698572337810552,0.13668548634887193
single_scale_3,Single-scale 3,timestep_ce,101,100,2.1164182541497603,0.7401032702237521,0.7175594168081681,0.6884511413752689,0.02294420566265262,0.1554090443750314,0.1304704640996868,2.306649684906006,0.3492063492063492,0.333994708994709,0.2949475450974701,0.017077627074005793,0.13646464313932052,0.14030813800368713,0.015873015873015872,0.017077627074005793,0.13646464313932052
