weight_source,epoch,optimization_train_loss,train_ba,val_ba,train_loss,val_loss,gain,q_l2,q_span
affine_w,1,1.1239506006240845,0.6562234517818516,0.4372053872053872,1.1126775741577148,1.8117173910140991,0.12873491644859314,0.17320454120635986,0.09999988973140717
affine_w,2,1.1126775741577148,0.6562234517818516,0.4372053872053872,1.1044025421142578,1.7791476249694824,0.12260343879461288,0.3458976745605469,0.1998511254787445
affine_w,3,1.1044025421142578,0.6562234517818516,0.4372053872053872,1.0989021062850952,1.7518372535705566,0.11708598583936691,0.5177234411239624,0.29945993423461914
affine_w,4,1.0989021062850952,0.6562234517818516,0.4372053872053872,1.0956788063049316,1.7300503253936768,0.11238520592451096,0.6883473992347717,0.3987436890602112
affine_w,5,1.0956788063049316,0.6562234517818516,0.4372053872053872,1.0939127206802368,1.7138127088546753,0.1087225079536438,0.8574982285499573,0.4976404309272766
affine_w,6,1.0939127206802368,0.6562234517818516,0.4372053872053872,1.0926235914230347,1.702705979347229,0.10624287277460098,1.0250146389007568,0.59611976146698
affine_w,7,1.0926235914230347,0.6562234517818516,0.4372053872053872,1.0910215377807617,1.6959089040756226,0.1049385592341423,1.1908739805221558,0.6941895484924316
affine_w,8,1.0910215377807617,0.6562234517818516,0.4372053872053872,1.088733196258545,1.6925106048583984,0.10467319190502167,1.3551864624023438,0.791893720626831
affine_w,9,1.088733196258545,0.6562234517818516,0.4372053872053872,1.0857521295547485,1.6917701959609985,0.1052616536617279,1.518164038658142,0.8893039226531982
affine_w,10,1.0857521295547485,0.6562234517818516,0.4372053872053872,1.0822714567184448,1.6931681632995605,0.10652481764554977,1.6800832748413086,0.9865084886550903
affine_w,11,1.0822714567184448,0.6752437473698499,0.4372053872053872,1.0785491466522217,1.696336269378662,0.10830527544021606,1.841251015663147,1.0836033821105957
affine_w,12,1.0785491466522217,0.6752437473698499,0.4372053872053872,1.0748291015625,1.7009615898132324,0.1104624941945076,2.001978635787964,1.1806848049163818
affine_w,13,1.0748291015625,0.6752437473698499,0.4372053872053872,1.0712995529174805,1.7067066431045532,0.11286263167858124,2.162562370300293,1.2778434753417969
affine_w,14,1.0712995529174805,0.6752437473698499,0.4372053872053872,1.068071722984314,1.713153600692749,0.11536979675292969,2.3232650756835938,1.375161051750183
affine_w,15,1.068071722984314,0.6752437473698499,0.4372053872053872,1.065171241760254,1.7197805643081665,0.11784255504608154,2.4843010902404785,1.472705602645874
affine_w,16,1.065171241760254,0.6752437473698499,0.44414983164983174,1.0625430345535278,1.7259808778762817,0.1201377734541893,2.645826816558838,1.5706133842468262
affine_w,17,1.0625430345535278,0.6752437473698499,0.44414983164983174,1.0600733757019043,1.731128454208374,0.12212228029966354,2.807929754257202,1.66916823387146
affine_w,18,1.0600733757019043,0.6752437473698499,0.44414983164983174,1.057627558708191,1.7346789836883545,0.12368909269571304,2.9706263542175293,1.7681580781936646
affine_w,19,1.057627558708191,0.6752437473698499,0.44414983164983174,1.0550910234451294,1.7362661361694336,0.1247721016407013,3.1338613033294678,1.8675777912139893
affine_w,20,1.0550910234451294,0.6752437473698499,0.44414983164983174,1.0523992776870728,1.7357600927352905,0.12535332143306732,3.2975146770477295,1.9673998355865479
affine_w,21,1.0523992776870728,0.682166195836416,0.4372053872053872,1.0495479106903076,1.733269453048706,0.12546084821224213,3.4614124298095703,2.0675766468048096
affine_w,22,1.0495479106903076,0.6869134140270302,0.4372053872053872,1.0465824604034424,1.729095458984375,0.12515981495380402,3.625337839126587,2.1680448055267334
affine_w,23,1.0465824604034424,0.6869134140270302,0.4372053872053872,1.0435750484466553,1.7236652374267578,0.12454108148813248,3.7890477180480957,2.268730640411377
affine_w,24,1.0435750484466553,0.6869134140270302,0.4372053872053872,1.0406004190444946,1.7174630165100098,0.12371017783880234,3.952287435531616,2.369554042816162
affine_w,25,1.0406004190444946,0.6869134140270302,0.4372053872053872,1.0377148389816284,1.7109720706939697,0.12277757376432419,4.114806175231934,2.4704360961914062
affine_w,26,1.0377148389816284,0.6869134140270302,0.4372053872053872,1.0349434614181519,1.7046316862106323,0.12185066938400269,4.276370048522949,2.5713016986846924
affine_w,27,1.0349434614181519,0.6869134140270302,0.4372053872053872,1.032278299331665,1.698807954788208,0.12102660536766052,4.4367756843566895,2.672086477279663
affine_w,28,1.032278299331665,0.6869134140270302,0.4372053872053872,1.0296854972839355,1.6937774419784546,0.12038633972406387,4.595860958099365,2.7727386951446533
affine_w,29,1.0296854972839355,0.6869134140270302,0.4372053872053872,1.0271186828613281,1.6897228956222534,0.11998989433050156,4.753511905670166,2.873222827911377
affine_w,30,1.0271186828613281,0.6869134140270302,0.4372053872053872,1.024534821510315,1.6867402791976929,0.11987380683422089,4.909667015075684,2.9735217094421387
affine_w,31,1.024534821510315,0.6931634140270303,0.4447811447811448,1.0219053030014038,1.6848480701446533,0.12005070596933365,5.064316749572754,3.073634147644043
affine_w,32,1.0219053030014038,0.6931634140270303,0.4447811447811448,1.0192221403121948,1.6839994192123413,0.12051080167293549,5.21750020980835,3.173576831817627
affine_w,33,1.0192221403121948,0.7025973762911812,0.4447811447811448,1.016497015953064,1.6840925216674805,0.12122473865747452,5.369298458099365,3.2733798027038574
affine_w,34,1.016497015953064,0.7025973762911812,0.4447811447811448,1.0137547254562378,1.6849757432937622,0.12214694917201996,5.519824981689453,3.3730838298797607
affine_w,35,1.0137547254562378,0.7025973762911812,0.4447811447811448,1.011022925376892,1.6864540576934814,0.12321944534778595,5.669216632843018,3.472736358642578
affine_w,36,1.011022925376892,0.7025973762911812,0.4447811447811448,1.0083242654800415,1.6882959604263306,0.12437592446804047,5.817621231079102,3.572387456893921
affine_w,37,1.0083242654800415,0.7025973762911812,0.4447811447811448,1.0056703090667725,1.690244197845459,0.12554630637168884,5.965187072753906,3.672085762023926
affine_w,38,1.0056703090667725,0.7025973762911812,0.4447811447811448,1.003058910369873,1.6920349597930908,0.12666217982769012,6.1120524406433105,3.77187442779541
affine_w,39,1.003058910369873,0.7025973762911812,0.4517255892255892,1.000477910041809,1.6934216022491455,0.12766245007514954,6.258337020874023,3.8717880249023438
affine_w,40,1.000477910041809,0.7025973762911812,0.4517255892255892,0.9979092478752136,1.6942018270492554,0.1284988820552826,6.4041361808776855,3.9718496799468994
affine_w,41,0.9979092478752136,0.7063146965526191,0.4586700336700337,0.9953367710113525,1.6942402124404907,0.12914042174816132,6.549516201019287,4.072070598602295
affine_w,42,0.9953367710113525,0.7063146965526191,0.4586700336700337,0.9927502870559692,1.6934831142425537,0.12957583367824554,6.694511890411377,4.172449111938477
affine_w,43,0.9927502870559692,0.7079172606551832,0.4600589225589226,0.9901488423347473,1.6919622421264648,0.1298137754201889,6.839132785797119,4.272970676422119
affine_w,44,0.9901488423347473,0.7079172606551832,0.4600589225589226,0.9875392913818359,1.6897852420806885,0.12988077104091644,6.983361721038818,4.373612880706787
affine_w,45,0.9875392913818359,0.7079172606551832,0.4600589225589226,0.9849321842193604,1.6871168613433838,0.12981721758842468,7.127164363861084,4.474344730377197
affine_w,46,0.9849321842193604,0.7110619147432335,0.46700336700336703,0.9823387861251831,1.6841562986373901,0.12967246770858765,7.270496368408203,4.575132369995117
affine_w,47,0.9823387861251831,0.7110619147432335,0.46700336700336703,0.9797661900520325,1.681112289428711,0.12949949502944946,7.413307189941406,4.675939559936523
affine_w,48,0.9797661900520325,0.7110619147432335,0.46700336700336703,0.977215588092804,1.6781810522079468,0.12934939563274384,7.5555524826049805,4.776733875274658
affine_w,49,0.977215588092804,0.7110619147432335,0.46700336700336703,0.9746834635734558,1.6755292415618896,0.12926705181598663,7.6971940994262695,4.8774871826171875
affine_w,50,0.9746834635734558,0.7110619147432335,0.46700336700336703,0.9721624851226807,1.6732828617095947,0.12928730249404907,7.838210105895996,4.978179931640625
affine_w,51,0.9721624851226807,0.7142670429483617,0.46700336700336703,0.9696463942527771,1.6715198755264282,0.12943269312381744,7.978593349456787,5.078798294067383
affine_w,52,0.9696463942527771,0.7142670429483617,0.46700336700336703,0.9671301245689392,1.6702698469161987,0.1297122687101364,8.118354797363281,5.179339408874512
affine_w,53,0.9671301245689392,0.7142670429483617,0.46700336700336703,0.9646123051643372,1.6695142984390259,0.1301218420267105,8.257523536682129,5.279808044433594
affine_w,54,0.9646123051643372,0.7142670429483617,0.46700336700336703,0.962096095085144,1.6691933870315552,0.13064530491828918,8.396138191223145,5.380214691162109
affine_w,55,0.962096095085144,0.7142670429483617,0.46700336700336703,0.9595852494239807,1.669211983680725,0.1312568038702011,8.534253120422363,5.480576992034912
affine_w,56,0.9595852494239807,0.7159010298764663,0.46700336700336703,0.9570847153663635,1.6694493293762207,0.13192367553710938,8.671921730041504,5.580914497375488
affine_w,57,0.9570847153663635,0.7159010298764663,0.46700336700336703,0.954597532749176,1.6697697639465332,0.13260996341705322,8.809200286865234,5.681247711181641
affine_w,58,0.954597532749176,0.7159010298764663,0.46700336700336703,0.9521240592002869,1.6700376272201538,0.13328002393245697,8.946141242980957,5.7815961837768555
affine_w,59,0.9521240592002869,0.7159010298764663,0.46700336700336703,0.9496630430221558,1.6701282262802124,0.13390199840068817,9.08278751373291,5.8819756507873535
affine_w,60,0.9496630430221558,0.7159010298764663,0.46700336700336703,0.9472114443778992,1.6699427366256714,0.1344509869813919,9.219170570373535,5.982397079467773
affine_w,61,0.9472114443778992,0.7175350168045709,0.46700336700336703,0.9447665214538574,1.6694178581237793,0.13491128385066986,9.355307579040527,6.082864761352539
affine_w,62,0.9447665214538574,0.7227630042259546,0.47394781144781145,0.9423268437385559,1.6685314178466797,0.13527753949165344,9.49120044708252,6.183379173278809
affine_w,63,0.9423268437385559,0.7227630042259546,0.47394781144781145,0.9398919343948364,1.6673009395599365,0.13555461168289185,9.62684154510498,6.283933639526367
affine_w,64,0.9398919343948364,0.7227630042259546,0.47394781144781145,0.937463104724884,1.6657814979553223,0.1357564628124237,9.762211799621582,6.384516716003418
affine_w,65,0.937463104724884,0.7227630042259546,0.47394781144781145,0.9350427389144897,1.6640533208847046,0.13590389490127563,9.897282600402832,6.485114097595215
affine_w,66,0.9350427389144897,0.7227630042259546,0.47394781144781145,0.9326322078704834,1.6622138023376465,0.13602182269096375,10.032022476196289,6.585709571838379
affine_w,67,0.9326322078704834,0.7227630042259546,0.47394781144781145,0.9302325248718262,1.6603622436523438,0.1361362189054489,10.166400909423828,6.6862874031066895
affine_w,68,0.9302325248718262,0.7227630042259546,0.47394781144781145,0.9278433918952942,1.6585907936096191,0.13627123832702637,10.30038833618164,6.786832809448242
affine_w,69,0.9278433918952942,0.7243655683285187,0.47394781144781145,0.9254636764526367,1.6569734811782837,0.13644669950008392,10.43396282196045,6.887333869934082
affine_w,70,0.9254636764526367,0.7243655683285187,0.47394781144781145,0.923092246055603,1.6555614471435547,0.13667643070220947,10.567106246948242,6.9877824783325195
affine_w,71,0.923092246055603,0.7276335421847279,0.47394781144781145,0.9207283854484558,1.6543785333633423,0.13696706295013428,10.699811935424805,7.088174819946289
affine_w,72,0.9207283854484558,0.729205869228753,0.47394781144781145,0.918371319770813,1.6534216403961182,0.1373179852962494,10.832080841064453,7.188508987426758
affine_w,73,0.918371319770813,0.7312892025620862,0.47394781144781145,0.9160214066505432,1.652663230895996,0.1377219259738922,10.963921546936035,7.288789749145508
affine_w,74,0.9160214066505432,0.7312892025620862,0.47394781144781145,0.9136800169944763,1.6520549058914185,0.1381661742925644,11.095342636108398,7.389021873474121
affine_w,75,0.9136800169944763,0.7312892025620862,0.47394781144781145,0.9113473296165466,1.6515347957611084,0.13863442838191986,11.226364135742188,7.489212989807129
affine_w,76,0.9113473296165466,0.7312892025620862,0.47394781144781145,0.9090240001678467,1.6510355472564697,0.13910874724388123,11.357001304626465,7.589369773864746
affine_w,77,0.9090240001678467,0.7312892025620862,0.47394781144781145,0.9067103266716003,1.650490403175354,0.13957183063030243,11.487268447875977,7.689500331878662
affine_w,78,0.9067103266716003,0.7312892025620862,0.47394781144781145,0.9044055938720703,1.649842619895935,0.14000877737998962,11.617181777954102,7.789609909057617
affine_w,79,0.9044055938720703,0.7312892025620862,0.47394781144781145,0.9021095037460327,1.6490509510040283,0.14040878415107727,11.746747016906738,7.889700889587402
affine_w,80,0.9021095037460327,0.7312892025620862,0.47394781144781145,0.8998214602470398,1.6480928659439087,0.14076605439186096,11.875970840454102,7.989773273468018
affine_w,81,0.8998214602470398,0.7312892025620862,0.47394781144781145,0.8975414037704468,1.6469670534133911,0.14108015596866608,12.004850387573242,8.089826583862305
affine_w,82,0.8975414037704468,0.7329231894901908,0.47394781144781145,0.8952693343162537,1.645691156387329,0.14135566353797913,12.133381843566895,8.189854621887207
affine_w,83,0.8952693343162537,0.7329231894901908,0.47394781144781145,0.8930057883262634,1.644298791885376,0.14160126447677612,12.261558532714844,8.289851188659668
affine_w,84,0.8930057883262634,0.7428590869260884,0.47394781144781145,0.8907509446144104,1.642833948135376,0.14182834327220917,12.389369010925293,8.389810562133789
affine_w,85,0.8907509446144104,0.7428590869260884,0.47394781144781145,0.8885049223899841,1.6413445472717285,0.14204947650432587,12.516803741455078,8.489721298217773
affine_w,86,0.8885049223899841,0.7428590869260884,0.47394781144781145,0.8862680792808533,1.6398769617080688,0.142276793718338,12.643853187561035,8.589578628540039
affine_w,87,0.8862680792808533,0.7444616510286525,0.46700336700336703,0.8840400576591492,1.638469934463501,0.14252054691314697,12.770512580871582,8.689375877380371
affine_w,88,0.8840400576591492,0.7444616510286525,0.46700336700336703,0.8818204998970032,1.637150764465332,0.14278800785541534,12.896778106689453,8.789107322692871
affine_w,89,0.8818204998970032,0.7444616510286525,0.45509860509860517,0.8796094655990601,1.63593327999115,0.1430829018354416,13.022651672363281,8.888769149780273
affine_w,90,0.8796094655990601,0.7444616510286525,0.45509860509860517,0.8774067759513855,1.634817361831665,0.14340516924858093,13.148134231567383,8.988363265991211
affine_w,91,0.8774067759513855,0.7444616510286525,0.45509860509860517,0.8752126693725586,1.633789300918579,0.14375127851963043,13.273234367370605,9.087885856628418
affine_w,92,0.8752126693725586,0.746095637956757,0.45509860509860517,0.8730270266532898,1.632826328277588,0.14411497116088867,13.39796257019043,9.187341690063477
affine_w,93,0.8730270266532898,0.746095637956757,0.45509860509860517,0.8708503246307373,1.6318975687026978,0.144488126039505,13.522329330444336,9.286730766296387
affine_w,94,0.8708503246307373,0.746095637956757,0.45509860509860517,0.8686825037002563,1.63097083568573,0.14486205577850342,13.646344184875488,9.386056900024414
affine_w,95,0.8686825037002563,0.7508730932059104,0.45509860509860517,0.8665234446525574,1.6300153732299805,0.1452285200357437,13.770018577575684,9.485321044921875
affine_w,96,0.8665234446525574,0.7545287535832688,0.45509860509860517,0.8643733263015747,1.629006266593933,0.1455807387828827,13.893362998962402,9.584526062011719
affine_w,97,0.8643733263015747,0.7566120869166021,0.45509860509860517,0.862231969833374,1.6279267072677612,0.14591416716575623,14.01638412475586,9.683670997619629
affine_w,98,0.862231969833374,0.7566120869166021,0.45509860509860517,0.8600993752479553,1.6267699003219604,0.1462269127368927,14.139087677001953,9.782754898071289
affine_w,99,0.8600993752479553,0.7566120869166021,0.45509860509860517,0.8579754829406738,1.6255395412445068,0.1465197503566742,14.261476516723633,9.881775856018066
affine_w,100,0.8579754829406738,0.7582146510191663,0.45509860509860517,0.8558604121208191,1.6242473125457764,0.14679579436779022,14.383553504943848,9.980730056762695
affine_w,101,0.8558604121208191,0.7598172151217303,0.45509860509860517,0.8537541627883911,1.6229126453399658,0.14705991744995117,14.50532054901123,10.079615592956543
affine_w,102,0.8537541627883911,0.7630223433268585,0.45509860509860517,0.8516569137573242,1.6215579509735107,0.147318035364151,14.626774787902832,10.178426742553711
affine_w,103,0.8516569137573242,0.7630223433268585,0.45509860509860517,0.8495686650276184,1.6202054023742676,0.14757615327835083,14.747917175292969,10.277158737182617
affine_w,104,0.8495686650276184,0.7645946703708836,0.4620430495430496,0.8474893569946289,1.6188760995864868,0.14783966541290283,14.868748664855957,10.375808715820312
affine_w,105,0.8474893569946289,0.7645946703708836,0.4620430495430496,0.8454190492630005,1.6175850629806519,0.14811263978481293,14.98927116394043,10.474373817443848
affine_w,106,0.8454190492630005,0.7645946703708836,0.4620430495430496,0.8433578014373779,1.6163413524627686,0.14839743077754974,15.109489440917969,10.572851181030273
affine_w,107,0.8433578014373779,0.7645946703708836,0.4620430495430496,0.8413054347038269,1.6151467561721802,0.1486945003271103,15.229403495788574,10.671239852905273
affine_w,108,0.8413054347038269,0.7645946703708836,0.46898749398749406,0.8392621874809265,1.613996148109436,0.14900249242782593,15.349019050598145,10.769538879394531
affine_w,109,0.8392621874809265,0.7645946703708836,0.46898749398749406,0.8372278809547424,1.6128795146942139,0.14931857585906982,15.468344688415527,10.867748260498047
affine_w,110,0.8372278809547424,0.7645946703708836,0.46898749398749406,0.8352026343345642,1.6117830276489258,0.14963892102241516,15.587386131286621,10.96586799621582
affine_w,111,0.8352026343345642,0.7645946703708836,0.46898749398749406,0.8331865668296814,1.6106914281845093,0.14995935559272766,15.706148147583008,11.063898086547852
affine_w,112,0.8331865668296814,0.7661972344734478,0.4765632515632517,0.8311795592308044,1.6095895767211914,0.1502758413553238,15.824637413024902,11.16183853149414
affine_w,113,0.8311795592308044,0.7661972344734478,0.4765632515632517,0.8291817903518677,1.6084662675857544,0.1505851000547409,15.942858695983887,11.259689331054688
affine_w,114,0.8291817903518677,0.7661972344734478,0.4841390091390092,0.8271931409835815,1.6073137521743774,0.1508849561214447,16.060815811157227,11.357450485229492
affine_w,115,0.8271931409835815,0.7661972344734478,0.4841390091390092,0.825213611125946,1.6061289310455322,0.15117453038692474,16.178512573242188,11.455120086669922
affine_w,116,0.825213611125946,0.7661972344734478,0.4841390091390092,0.823243260383606,1.6049140691757202,0.15145432949066162,16.29595184326172,11.552698135375977
affine_w,117,0.823243260383606,0.7661972344734478,0.4841390091390092,0.8212822079658508,1.6036754846572876,0.15172593295574188,16.41313362121582,11.650179862976074
affine_w,118,0.8212822079658508,0.7661972344734478,0.4841390091390092,0.8193302154541016,1.6024224758148193,0.1519918143749237,16.530057907104492,11.747564315795898
affine_w,119,0.8193302154541016,0.7661972344734478,0.4841390091390092,0.8173876404762268,1.601166009902954,0.1522548347711563,16.646726608276367,11.844849586486816
affine_w,120,0.8173876404762268,0.7661972344734478,0.4841390091390092,0.8154541254043579,1.5999164581298828,0.1525178849697113,16.763137817382812,11.942031860351562
affine_w,121,0.8154541254043579,0.7661972344734478,0.4841390091390092,0.8135300874710083,1.59868323802948,0.15278342366218567,16.879291534423828,12.03911018371582
affine_w,122,0.8135300874710083,0.7682805678067811,0.4841390091390092,0.8116150498390198,1.5974730253219604,0.1530531942844391,16.995187759399414,12.136082649230957
affine_w,123,0.8116150498390198,0.7682805678067811,0.4841390091390092,0.8097093105316162,1.596288800239563,0.1533280462026596,17.11083221435547,12.232946395874023
affine_w,124,0.8097093105316162,0.7682805678067811,0.4841390091390092,0.8078129291534424,1.5951303243637085,0.15360786020755768,17.22621726989746,12.329700469970703
affine_w,125,0.8078129291534424,0.7682805678067811,0.4841390091390092,0.8059258460998535,1.593994140625,0.15389171242713928,17.341352462768555,12.42634391784668
affine_w,126,0.8059258460998535,0.7682805678067811,0.4841390091390092,0.8040480613708496,1.5928751230239868,0.15417799353599548,17.45623207092285,12.52287769317627
affine_w,127,0.8040480613708496,0.7682805678067811,0.4841390091390092,0.8021794557571411,1.5917657613754272,0.1544647514820099,17.57086181640625,12.619298934936523
affine_w,128,0.8021794557571411,0.7682805678067811,0.4841390091390092,0.8003202676773071,1.5906587839126587,0.15474992990493774,17.685243606567383,12.715608596801758
affine_w,129,0.8003202676773071,0.7682805678067811,0.4841390091390092,0.7984703183174133,1.5895479917526245,0.15503177046775818,17.79937744140625,12.81180477142334
affine_w,130,0.7984703183174133,0.7682805678067811,0.4841390091390092,0.7966297268867493,1.5884290933609009,0.15530893206596375,17.91326141357422,12.907888412475586
affine_w,131,0.7966297268867493,0.7682805678067811,0.4841390091390092,0.7947982549667358,1.5872994661331177,0.15558075904846191,18.026899337768555,13.00385570526123
affine_w,132,0.7947982549667358,0.7682805678067811,0.4841390091390092,0.7929762601852417,1.5861592292785645,0.1558472216129303,18.140289306640625,13.099708557128906
affine_w,133,0.7929762601852417,0.7698831319093453,0.4771945646945647,0.7911635637283325,1.5850110054016113,0.15610890090465546,18.253429412841797,13.195444107055664
affine_w,134,0.7911635637283325,0.7698831319093453,0.4771945646945647,0.7893601059913635,1.5838582515716553,0.15636685490608215,18.36631965637207,13.291059494018555
affine_w,135,0.7893601059913635,0.7698831319093453,0.4771945646945647,0.7875658869743347,1.5827068090438843,0.15662243962287903,18.478958129882812,13.386554718017578
affine_w,136,0.7875658869743347,0.7715171188374499,0.4771945646945647,0.7857809662818909,1.5815606117248535,0.1568770557641983,18.59134292602539,13.481926918029785
affine_w,137,0.7857809662818909,0.7715171188374499,0.4771945646945647,0.784005343914032,1.5804251432418823,0.15713196992874146,18.703474044799805,13.57717514038086
affine_w,138,0.784005343914032,0.7715171188374499,0.4771945646945647,0.7822389602661133,1.5793039798736572,0.1573881208896637,18.815349578857422,13.672296524047852
affine_w,139,0.7822389602661133,0.7715171188374499,0.4771945646945647,0.7804818153381348,1.5781981945037842,0.1576460301876068,18.92696762084961,13.767291069030762
affine_w,140,0.7804818153381348,0.7715171188374499,0.4771945646945647,0.7787339687347412,1.5771089792251587,0.1579057276248932,19.038330078125,13.862157821655273
affine_w,141,0.7787339687347412,0.7715171188374499,0.4771945646945647,0.7769954204559326,1.5760339498519897,0.158166766166687,19.149431228637695,13.956893920898438
affine_w,142,0.7769954204559326,0.7715171188374499,0.4771945646945647,0.7752659916877747,1.5749711990356445,0.15842841565608978,19.26027488708496,14.05150032043457
affine_w,143,0.7752659916877747,0.7731196829400141,0.4771945646945647,0.7735456824302673,1.573917031288147,0.15868976712226868,19.3708553314209,14.145975112915039
affine_w,144,0.7735456824302673,0.7731196829400141,0.4771945646945647,0.7718347907066345,1.5728683471679688,0.1589498370885849,19.481178283691406,14.240317344665527
affine_w,145,0.7718347907066345,0.7746920099840392,0.48413900913900915,0.7701328992843628,1.5718220472335815,0.15920771658420563,19.591238021850586,14.334526062011719
affine_w,146,0.7701328992843628,0.7762945740866032,0.48413900913900915,0.768440306186676,1.5707756280899048,0.1594628095626831,19.701034545898438,14.428601264953613
affine_w,147,0.768440306186676,0.7762945740866032,0.48413900913900915,0.7667568325996399,1.5697283744812012,0.15971477329730988,19.810569763183594,14.522541046142578
affine_w,148,0.7667568325996399,0.7762945740866032,0.48413900913900915,0.7650822997093201,1.5686801671981812,0.15996357798576355,19.919841766357422,14.61634349822998
affine_w,149,0.7650822997093201,0.7762945740866032,0.48413900913900915,0.7634172439575195,1.5676320791244507,0.1602095514535904,20.028844833374023,14.710007667541504
affine_w,150,0.7634172439575195,0.7762945740866032,0.48413900913900915,0.7617611289024353,1.5665862560272217,0.16045323014259338,20.137584686279297,14.803533554077148
affine_w,151,0.7617611289024353,0.78046124075327,0.48413900913900915,0.7601140141487122,1.565544843673706,0.16069525480270386,20.246055603027344,14.896918296813965
affine_w,152,0.7601140141487122,0.78046124075327,0.48413900913900915,0.7584760785102844,1.5645108222961426,0.16093631088733673,20.35425567626953,14.99015998840332
affine_w,153,0.7584760785102844,0.78046124075327,0.48413900913900915,0.7568469643592834,1.5634855031967163,0.16117700934410095,20.462186813354492,15.083260536193848
affine_w,154,0.7568469643592834,0.7825445740866032,0.48413900913900915,0.7552271485328674,1.5624711513519287,0.16141776740550995,20.569847106933594,15.176216125488281
affine_w,155,0.7552271485328674,0.7841471381891673,0.48413900913900915,0.7536163330078125,1.5614680051803589,0.16165876388549805,20.67723274230957,15.269024848937988
affine_w,156,0.7536163330078125,0.7841471381891673,0.48413900913900915,0.7520143389701843,1.560476303100586,0.16189999878406525,20.784345626831055,15.361686706542969
affine_w,157,0.7520143389701843,0.7841471381891673,0.48413900913900915,0.7504213452339172,1.5594950914382935,0.16214120388031006,20.891185760498047,15.454200744628906
affine_w,158,0.7504213452339172,0.7841471381891673,0.48413900913900915,0.7488372921943665,1.558523178100586,0.16238203644752502,20.99774932861328,15.546566009521484
affine_w,159,0.7488372921943665,0.7841471381891673,0.48413900913900915,0.7472622394561768,1.557558536529541,0.16262198984622955,21.10403823852539,15.638779640197754
affine_w,160,0.7472622394561768,0.7841471381891673,0.48413900913900915,0.745695948600769,1.5566000938415527,0.16286061704158783,21.210052490234375,15.730844497680664
affine_w,161,0.745695948600769,0.7841471381891673,0.48413900913900915,0.7441385984420776,1.5556460618972778,0.16309750080108643,21.3157901763916,15.822755813598633
affine_w,162,0.7441385984420776,0.7841471381891673,0.49108345358345357,0.742590069770813,1.5546954870224,0.16333240270614624,21.421253204345703,15.914515495300293
affine_w,163,0.742590069770813,0.7841471381891673,0.49802789802789804,0.7410504221916199,1.5537488460540771,0.1635652333498001,21.526437759399414,16.006118774414062
affine_w,164,0.7410504221916199,0.7841471381891673,0.49802789802789804,0.739519476890564,1.5528053045272827,0.16379602253437042,21.631345748901367,16.09756851196289
affine_w,165,0.739519476890564,0.7841471381891673,0.49802789802789804,0.7379974126815796,1.551866054534912,0.1640249639749527,21.735973358154297,16.188861846923828
affine_w,166,0.7379974126815796,0.7841471381891673,0.49802789802789804,0.7364839911460876,1.5509322881698608,0.164252370595932,21.8403263092041,16.279998779296875
affine_w,167,0.7364839911460876,0.7841471381891673,0.49802789802789804,0.7349793910980225,1.5500050783157349,0.1644785851240158,21.944398880004883,16.370973587036133
affine_w,168,0.7349793910980225,0.7841471381891673,0.49802789802789804,0.7334834337234497,1.5490854978561401,0.16470392048358917,22.04819107055664,16.4617919921875
affine_w,169,0.7334834337234497,0.7862304715225007,0.49802789802789804,0.7319961190223694,1.548174262046814,0.1649286299943924,22.151704788208008,16.552446365356445
affine_w,170,0.7319961190223694,0.7862304715225007,0.49802789802789804,0.7305174469947815,1.5472722053527832,0.16515286266803741,22.25493812561035,16.642940521240234
affine_w,171,0.7305174469947815,0.7862304715225007,0.49802789802789804,0.7290474772453308,1.5463794469833374,0.1653766632080078,22.357891082763672,16.7332706451416
affine_w,172,0.7290474772453308,0.7878644584506053,0.49802789802789804,0.7275860905647278,1.5454955101013184,0.1655999720096588,22.4605655670166,16.823436737060547
affine_w,173,0.7275860905647278,0.7878644584506053,0.49802789802789804,0.7261332273483276,1.5446197986602783,0.1658225953578949,22.562959671020508,16.913436889648438
affine_w,174,0.7261332273483276,0.7878644584506053,0.49802789802789804,0.7246888279914856,1.5437520742416382,0.16604433953762054,22.665071487426758,17.003273010253906
affine_w,175,0.7246888279914856,0.7862618943480411,0.49802789802789804,0.7232530117034912,1.5428907871246338,0.16626498103141785,22.766908645629883,17.092939376831055
affine_w,176,0.7232530117034912,0.7835737223050304,0.4861231361231361,0.7218257784843445,1.5420355796813965,0.1664842665195465,22.86846160888672,17.182437896728516
affine_w,177,0.7218257784843445,0.7835737223050304,0.4861231361231361,0.7204068899154663,1.541185975074768,0.16670210659503937,22.969736099243164,17.27176856994629
affine_w,178,0.7204068899154663,0.7835737223050304,0.4861231361231361,0.7189964652061462,1.540341854095459,0.16691839694976807,23.070730209350586,17.360931396484375
affine_w,179,0.7189964652061462,0.7835096197409278,0.4944564694564694,0.71759432554245,1.539502739906311,0.1671331375837326,23.171445846557617,17.449920654296875
affine_w,180,0.71759432554245,0.7867461707715965,0.4944564694564694,0.7162007689476013,1.5386693477630615,0.16734641790390015,23.271881103515625,17.538738250732422
affine_w,181,0.7162007689476013,0.7867461707715965,0.4944564694564694,0.7148153781890869,1.5378419160842896,0.16755838692188263,23.372037887573242,17.627382278442383
affine_w,182,0.7148153781890869,0.7867461707715965,0.4944564694564694,0.7134384512901306,1.5370208024978638,0.1677691638469696,23.47191619873047,17.715852737426758
affine_w,183,0.7134384512901306,0.7867461707715965,0.4944564694564694,0.7120698094367981,1.5362069606781006,0.1679789274930954,23.571514129638672,17.804147720336914
affine_w,184,0.7120698094367981,0.788380157699701,0.4944564694564694,0.7107093930244446,1.535400629043579,0.16818784177303314,23.670835494995117,17.89226722717285
affine_w,185,0.7107093930244446,0.7904634910330345,0.4944564694564694,0.7093571424484253,1.5346020460128784,0.1683959662914276,23.769874572753906,17.980209350585938
affine_w,186,0.7093571424484253,0.7904634910330345,0.4944564694564694,0.7080131769180298,1.533811330795288,0.16860331594944,23.86863899230957,18.067974090576172
affine_w,187,0.7080131769180298,0.7904634910330345,0.4944564694564694,0.7066774368286133,1.5330286026000977,0.1688099056482315,23.96712303161621,18.155559539794922
affine_w,188,0.7066774368286133,0.7904634910330345,0.4944564694564694,0.7053498029708862,1.5322530269622803,0.16901563107967377,24.065330505371094,18.242963790893555
affine_w,189,0.7053498029708862,0.7904634910330345,0.4944564694564694,0.7040302157402039,1.531484842300415,0.16922040283679962,24.163259506225586,18.330188751220703
affine_w,190,0.7040302157402039,0.7904634910330345,0.4944564694564694,0.70271897315979,1.5307233333587646,0.16942410171031952,24.26091194152832,18.4172306060791
affine_w,191,0.70271897315979,0.7904634910330345,0.4944564694564694,0.7014156579971313,1.5299679040908813,0.1696266382932663,24.358287811279297,18.50408935546875
affine_w,192,0.7014156579971313,0.7904634910330345,0.5014009139009138,0.7001203298568726,1.5292187929153442,0.1698279231786728,24.455387115478516,18.59076690673828
affine_w,193,0.7001203298568726,0.7904634910330345,0.5014009139009138,0.6988331079483032,1.5284754037857056,0.17002791166305542,24.552209854125977,18.677257537841797
affine_w,194,0.6988331079483032,0.7904634910330345,0.5014009139009138,0.6975537538528442,1.527738094329834,0.17022661864757538,24.64875602722168,18.763565063476562
affine_w,195,0.6975537538528442,0.7904634910330345,0.5014009139009138,0.6962826251983643,1.52700674533844,0.17042408883571625,24.745027542114258,18.849685668945312
affine_w,196,0.6962826251983643,0.7904634910330345,0.5014009139009138,0.6950191855430603,1.5262813568115234,0.1706203669309616,24.841028213500977,18.93562126159668
affine_w,197,0.6950191855430603,0.7920660551355986,0.5014009139009138,0.6937637329101562,1.5255625247955322,0.17081554234027863,24.93675422668457,19.021366119384766
affine_w,198,0.6937637329101562,0.7920660551355986,0.5014009139009138,0.6925161480903625,1.5248501300811768,0.17100968956947327,25.032201766967773,19.106924057006836
affine_w,199,0.6925161480903625,0.7920660551355986,0.5014009139009138,0.6912764310836792,1.5241445302963257,0.1712028682231903,25.127376556396484,19.192291259765625
affine_w,200,0.6912764310836792,0.7920660551355986,0.5014009139009138,0.690044641494751,1.523445963859558,0.17139512300491333,25.222280502319336,19.277467727661133
affine_w,201,0.690044641494751,0.7920660551355986,0.5014009139009138,0.6888204216957092,1.522754192352295,0.17158645391464233,25.31690788269043,19.36245346069336
affine_w,202,0.6888204216957092,0.7920660551355986,0.5014009139009138,0.6876040697097778,1.5220696926116943,0.1717768758535385,25.411266326904297,19.447248458862305
affine_w,203,0.6876040697097778,0.7936383821796237,0.5014009139009138,0.686395525932312,1.52139151096344,0.1719663292169571,25.505352020263672,19.531848907470703
affine_w,204,0.686395525932312,0.7936383821796237,0.5014009139009138,0.6851946115493774,1.52072012424469,0.17215478420257568,25.599164962768555,19.616256713867188
affine_w,205,0.6851946115493774,0.7952107092236488,0.5014009139009138,0.6840013265609741,1.5200549364089966,0.1723421812057495,25.69270896911621,19.700468063354492
affine_w,206,0.6840013265609741,0.7952107092236488,0.5014009139009138,0.6828159093856812,1.5193957090377808,0.1725284606218338,25.785980224609375,19.78448486328125
affine_w,207,0.6828159093856812,0.7952107092236488,0.5014009139009138,0.6816380023956299,1.5187424421310425,0.17271359264850616,25.87898063659668,19.868305206298828
affine_w,208,0.6816380023956299,0.7952107092236488,0.5014009139009138,0.6804676651954651,1.5180951356887817,0.1728975772857666,25.97171401977539,19.951927185058594
affine_w,209,0.6804676651954651,0.7952107092236488,0.5014009139009138,0.6793048977851868,1.5174535512924194,0.17308038473129272,26.064178466796875,20.035354614257812
affine_w,210,0.6793048977851868,0.7952107092236488,0.5014009139009138,0.6781497597694397,1.5168180465698242,0.1732620745897293,26.1563720703125,20.11858367919922
affine_w,211,0.6781497597694397,0.7988966066595463,0.5014009139009138,0.6770020127296448,1.516188383102417,0.17344264686107635,26.24829864501953,20.201610565185547
affine_w,212,0.6770020127296448,0.7988966066595463,0.5014009139009138,0.6758619546890259,1.5155644416809082,0.17362214624881744,26.339956283569336,20.284439086914062
affine_w,213,0.6758619546890259,0.7988966066595463,0.5014009139009138,0.6747292280197144,1.514946699142456,0.17380060255527496,26.431346893310547,20.3670654296875
affine_w,214,0.6747292280197144,0.7988966066595463,0.5014009139009138,0.6736039519309998,1.5143355131149292,0.1739780455827713,26.522470474243164,20.44948959350586
affine_w,215,0.6736039519309998,0.7988966066595463,0.5014009139009138,0.6724860072135925,1.5137302875518799,0.17415450513362885,26.613327026367188,20.531713485717773
affine_w,216,0.6724860072135925,0.7988966066595463,0.5014009139009138,0.6713755130767822,1.5131311416625977,0.1743299812078476,26.70391845703125,20.613733291625977
affine_w,217,0.6713755130767822,0.7973242796155211,0.5014009139009138,0.6702723503112793,1.5125380754470825,0.17450447380542755,26.794246673583984,20.69554901123047
affine_w,218,0.6702723503112793,0.7989268437180853,0.5014009139009138,0.6691766381263733,1.5119510889053345,0.17467795312404633,26.884307861328125,20.77716064453125
affine_w,219,0.6691766381263733,0.7989268437180853,0.5014009139009138,0.6680880188941956,1.5113701820373535,0.17485038936138153,26.974103927612305,20.858566284179688
affine_w,220,0.6680880188941956,0.8005608306461899,0.5014009139009138,0.6670067310333252,1.5107948780059814,0.17502176761627197,27.063634872436523,20.93976593017578
affine_w,221,0.6670067310333252,0.8005608306461899,0.5014009139009138,0.6659327149391174,1.5102250576019287,0.17519207298755646,27.152902603149414,21.02075958251953
affine_w,222,0.6659327149391174,0.8005608306461899,0.5014009139009138,0.6648659110069275,1.509661078453064,0.1753612905740738,27.24190902709961,21.101547241210938
affine_w,223,0.6648659110069275,0.8005608306461899,0.5014009139009138,0.6638062596321106,1.509102463722229,0.1755293905735016,27.330650329589844,21.182125091552734
affine_w,224,0.6638062596321106,0.8005608306461899,0.5014009139009138,0.6627537608146667,1.508549451828003,0.17569638788700104,27.419130325317383,21.262495040893555
affine_w,225,0.6627537608146667,0.8005608306461899,0.5014009139009138,0.661708414554596,1.5080019235610962,0.17586231231689453,27.50735092163086,21.342655181884766
affine_w,226,0.661708414554596,0.8005608306461899,0.5014009139009138,0.6606701612472534,1.5074596405029297,0.17602714896202087,27.595306396484375,21.422605514526367
affine_w,227,0.6606701612472534,0.8005608306461899,0.5014009139009138,0.6596390008926392,1.5069230794906616,0.17619091272354126,27.68300437927246,21.50234603881836
affine_w,228,0.6596390008926392,0.8005608306461899,0.5014009139009138,0.6586147546768188,1.506392002105713,0.17635366320610046,27.77044105529785,21.581872940063477
affine_w,229,0.6586147546768188,0.8037973816768584,0.5014009139009138,0.6575976610183716,1.505866527557373,0.1765153855085373,27.857616424560547,21.661190032958984
affine_w,230,0.6575976610183716,0.8037973816768584,0.5014009139009138,0.656587541103363,1.505346655845642,0.17667609453201294,27.944534301757812,21.740291595458984
affine_w,231,0.656587541103363,0.8053999457794226,0.5014009139009138,0.6555843353271484,1.504832148551941,0.1768357902765274,28.031190872192383,21.819183349609375
affine_w,232,0.6555843353271484,0.8053999457794226,0.5014009139009138,0.6545880436897278,1.504323124885559,0.1769944578409195,28.117589950561523,21.897859573364258
affine_w,233,0.6545880436897278,0.8053999457794226,0.5014009139009138,0.6535986065864563,1.5038193464279175,0.1771520972251892,28.203731536865234,21.976322174072266
affine_w,234,0.6535986065864563,0.8070339327075272,0.5014009139009138,0.6526160836219788,1.5033209323883057,0.17730869352817535,28.289615631103516,22.054569244384766
affine_w,235,0.6526160836219788,0.8070339327075272,0.5014009139009138,0.6516404151916504,1.5028278827667236,0.17746421694755554,28.375240325927734,22.132598876953125
affine_w,236,0.6516404151916504,0.8070339327075272,0.5014009139009138,0.6506715416908264,1.5023397207260132,0.17761869728565216,28.46061134338379,22.21041488647461
affine_w,237,0.6506715416908264,0.8070339327075272,0.5014009139009138,0.6497095823287964,1.501856803894043,0.17777210474014282,28.54572296142578,22.288013458251953
affine_w,238,0.6497095823287964,0.8070339327075272,0.5014009139009138,0.6487542390823364,1.5013788938522339,0.17792445421218872,28.630582809448242,22.365394592285156
affine_w,239,0.6487542390823364,0.8086364968100912,0.5014009139009138,0.6478056311607361,1.5009061098098755,0.17807574570178986,28.715185165405273,22.44255828857422
affine_w,240,0.6478056311607361,0.8086364968100912,0.5014009139009138,0.6468637585639954,1.5004382133483887,0.17822597920894623,28.799531936645508,22.51950454711914
affine_w,241,0.6468637585639954,0.8086364968100912,0.5014009139009138,0.6459286212921143,1.499975323677063,0.17837516963481903,28.88362693786621,22.596229553222656
affine_w,242,0.6459286212921143,0.8086364968100912,0.5014009139009138,0.6449999213218689,1.499517560005188,0.17852331697940826,28.967466354370117,22.67273712158203
affine_w,243,0.6449999213218689,0.8086364968100912,0.5014009139009138,0.6440780162811279,1.4990646839141846,0.17867043614387512,29.051050186157227,22.7490234375
affine_w,244,0.6440780162811279,0.8086364968100912,0.5014009139009138,0.6431626081466675,1.4986166954040527,0.1788165271282196,29.134384155273438,22.825090408325195
affine_w,245,0.6431626081466675,0.8102390609126554,0.4958453583453583,0.6422537565231323,1.4981740713119507,0.1789616048336029,29.21746253967285,22.90093421936035
affine_w,246,0.6422537565231323,0.8102390609126554,0.4958453583453583,0.6413514018058777,1.4977357387542725,0.17910563945770264,29.300291061401367,22.976558685302734
affine_w,247,0.6413514018058777,0.8102390609126554,0.4958453583453583,0.6404555439949036,1.4973026514053345,0.1792486608028412,29.38286590576172,23.051959991455078
affine_w,248,0.6404555439949036,0.8102390609126554,0.4958453583453583,0.6395663022994995,1.496874213218689,0.17939066886901855,29.46518898010254,23.127140045166016
affine_w,249,0.6395663022994995,0.8102390609126554,0.4958453583453583,0.6386833190917969,1.4964505434036255,0.17953163385391235,29.547264099121094,23.20209503173828
affine_w,250,0.6386833190917969,0.8102390609126554,0.4958453583453583,0.6378068923950195,1.4960315227508545,0.17967157065868378,29.629085540771484,23.27682876586914
affine_w,251,0.6378068923950195,0.8102390609126554,0.4958453583453583,0.6369367241859436,1.4956172704696655,0.17981044948101044,29.71065902709961,23.35133934020996
affine_w,252,0.6369367241859436,0.8102390609126554,0.4958453583453583,0.6360729336738586,1.4952075481414795,0.17994831502437592,29.79197883605957,23.42562484741211
affine_w,253,0.6360729336738586,0.8102390609126554,0.4958453583453583,0.6352155208587646,1.494802474975586,0.18008513748645782,29.873050689697266,23.499685287475586
affine_w,254,0.6352155208587646,0.8102390609126554,0.4958453583453583,0.6343643069267273,1.4944015741348267,0.18022093176841736,29.953874588012695,23.57352066040039
affine_w,255,0.6343643069267273,0.8102390609126554,0.4958453583453583,0.6335194110870361,1.494005799293518,0.1803557127714157,30.03445053100586,23.647130966186523
affine_w,256,0.6335194110870361,0.8102390609126554,0.4958453583453583,0.6326806545257568,1.4936140775680542,0.1804894655942917,30.114776611328125,23.720516204833984
affine_w,257,0.6326806545257568,0.8118416250152194,0.4958453583453583,0.6318483352661133,1.4932271242141724,0.18062222003936768,30.194852828979492,23.793672561645508
affine_w,258,0.6318483352661133,0.8118416250152194,0.4958453583453583,0.6310219168663025,1.4928447008132935,0.18075396120548248,30.274686813354492,23.86660385131836
affine_w,259,0.6310219168663025,0.8118416250152194,0.4958453583453583,0.6302018165588379,1.4924665689468384,0.1808846890926361,30.354270935058594,23.939308166503906
affine_w,260,0.6302018165588379,0.8134139520592446,0.4958453583453583,0.6293878555297852,1.4920929670333862,0.18101444840431213,30.43360710144043,24.01178550720215
affine_w,261,0.6293878555297852,0.8150165161618087,0.4958453583453583,0.6285799145698547,1.4917235374450684,0.18114317953586578,30.512699127197266,24.084033966064453
affine_w,262,0.6285799145698547,0.8134441891177836,0.4958453583453583,0.6277779340744019,1.4913585186004639,0.18127091228961945,30.591543197631836,24.156055450439453
affine_w,263,0.6277779340744019,0.8134441891177836,0.4958453583453583,0.6269820928573608,1.4909979104995728,0.18139763176441193,30.670143127441406,24.22784996032715
affine_w,264,0.6269820928573608,0.8134441891177836,0.4958453583453583,0.6261921525001526,1.490641474723816,0.18152333796024323,30.748498916625977,24.299415588378906
affine_w,265,0.6261921525001526,0.8134441891177836,0.4958453583453583,0.6254083514213562,1.4902892112731934,0.18164804577827454,30.82660675048828,24.370750427246094
affine_w,266,0.6254083514213562,0.8134441891177836,0.4958453583453583,0.6246304512023926,1.4899410009384155,0.18177175521850586,30.90447235107422,24.441856384277344
affine_w,267,0.6246304512023926,0.8134441891177836,0.48394059644059645,0.6238582730293274,1.489596962928772,0.1818944662809372,30.982093811035156,24.512731552124023
affine_w,268,0.6238582730293274,0.8150467532203477,0.49319985569985564,0.6230921149253845,1.4892573356628418,0.18201619386672974,31.05946922302246,24.583377838134766
affine_w,269,0.6230921149253845,0.8150467532203477,0.49319985569985564,0.6223317384719849,1.4889217615127563,0.18213693797588348,31.13660430908203,24.65379524230957
affine_w,270,0.6223317384719849,0.8150467532203477,0.49319985569985564,0.621577262878418,1.4885900020599365,0.18225669860839844,31.21349334716797,24.723979949951172
affine_w,271,0.621577262878418,0.8134441891177836,0.49319985569985564,0.6208285689353943,1.4882625341415405,0.1823754757642746,31.29014015197754,24.793933868408203
affine_w,272,0.6208285689353943,0.8134441891177836,0.49319985569985564,0.6200855374336243,1.4879387617111206,0.18249328434467316,31.366544723510742,24.863658905029297
affine_w,273,0.6200855374336243,0.8150165161618087,0.49319985569985564,0.6193482875823975,1.487619400024414,0.18261012434959412,31.44270896911621,24.933151245117188
affine_w,274,0.6193482875823975,0.8150165161618087,0.49319985569985564,0.6186167597770691,1.4873037338256836,0.1827259659767151,31.518630981445312,25.005386352539062
affine_w,275,0.6186167597770691,0.8150165161618087,0.49319985569985564,0.6178908944129944,1.4869921207427979,0.18284085392951965,31.594310760498047,25.077505111694336
affine_w,276,0.6178908944129944,0.8150165161618087,0.49319985569985564,0.6171706318855286,1.4866844415664673,0.1829547882080078,31.669750213623047,25.149417877197266
affine_w,277,0.6171706318855286,0.8199184769461225,0.49319985569985564,0.6164560317993164,1.486380696296692,0.18306775391101837,31.74494743347168,25.221128463745117
affine_w,278,0.6164560317993164,0.8199184769461225,0.49319985569985564,0.6157470345497131,1.4860804080963135,0.18317976593971252,31.819908142089844,25.292633056640625
affine_w,279,0.6157470345497131,0.8199184769461225,0.49319985569985564,0.6150435209274292,1.4857841730117798,0.18329080939292908,31.89462661743164,25.363933563232422
affine_w,280,0.6150435209274292,0.8199184769461225,0.49319985569985564,0.6143455505371094,1.4854916334152222,0.18340089917182922,31.969106674194336,25.435028076171875
affine_w,281,0.6143455505371094,0.8199184769461225,0.49319985569985564,0.6136530041694641,1.485202670097351,0.18351005017757416,32.0433464050293,25.50591468811035
affine_w,282,0.6136530041694641,0.8199184769461225,0.49319985569985564,0.6129659414291382,1.4849178791046143,0.18361824750900269,32.117347717285156,25.576595306396484
affine_w,283,0.6129659414291382,0.8199184769461225,0.49319985569985564,0.6122844219207764,1.4846364259719849,0.1837254911661148,32.19110870361328,25.647071838378906
affine_w,284,0.6122844219207764,0.8215524638742271,0.49319985569985564,0.61160808801651,1.4843586683273315,0.1838318109512329,32.26463317871094,25.71734046936035
affine_w,285,0.61160808801651,0.8199498997716631,0.49319985569985564,0.6109373569488525,1.4840846061706543,0.1839371770620346,32.337921142578125,25.787399291992188
affine_w,286,0.6109373569488525,0.8199498997716631,0.49319985569985564,0.6102718710899353,1.483814001083374,0.18404161930084229,32.41096878051758,25.857254028320312
affine_w,287,0.6102718710899353,0.8215838866997677,0.49319985569985564,0.6096116900444031,1.483547329902649,0.18414513766765594,32.48377990722656,25.926898956298828
affine_w,288,0.6096116900444031,0.8215838866997677,0.49319985569985564,0.6089567542076111,1.4832837581634521,0.18424774706363678,32.55635452270508,25.996334075927734
affine_w,289,0.6089567542076111,0.8215838866997677,0.49319985569985564,0.6083071231842041,1.483024001121521,0.1843494474887848,32.628692626953125,26.065563201904297
affine_w,290,0.6083071231842041,0.8215838866997677,0.49319985569985564,0.6076626777648926,1.4827675819396973,0.1844502091407776,32.7007942199707,26.13458251953125
affine_w,291,0.6076626777648926,0.8231864508023317,0.49319985569985564,0.6070235371589661,1.4825149774551392,0.18455007672309875,32.77265930175781,26.20339584350586
affine_w,292,0.6070235371589661,0.8231864508023317,0.49319985569985564,0.6063893437385559,1.482265591621399,0.1846490055322647,32.84428787231445,26.271995544433594
affine_w,293,0.6063893437385559,0.8231864508023317,0.49319985569985564,0.605760395526886,1.4820191860198975,0.18474702537059784,32.91568374633789,26.340389251708984
affine_w,294,0.605760395526886,0.8231864508023317,0.49319985569985564,0.6051365733146667,1.4817765951156616,0.18484416604042053,32.98684310913086,26.408571243286133
affine_w,295,0.6051365733146667,0.8231864508023317,0.49319985569985564,0.6045178174972534,1.481537103652954,0.1849403828382492,33.057769775390625,26.476543426513672
affine_w,296,0.6045178174972534,0.8231864508023317,0.5001443001443001,0.603904128074646,1.4813010692596436,0.18503572046756744,33.12845993041992,26.54430389404297
affine_w,297,0.603904128074646,0.8248531174689983,0.5001443001443001,0.6032953858375549,1.4810683727264404,0.18513017892837524,33.19891357421875,26.611854553222656
affine_w,298,0.6032953858375549,0.8248531174689983,0.5001443001443001,0.6026917099952698,1.4808388948440552,0.1852237582206726,33.269142150878906,26.679195404052734
affine_w,299,0.6026917099952698,0.8248531174689983,0.5001443001443001,0.6020928621292114,1.4806126356124878,0.18531644344329834,33.33912658691406,26.74632453918457
affine_w,300,0.6020928621292114,0.8248531174689983,0.5001443001443001,0.6014990210533142,1.4803895950317383,0.18540826439857483,33.40888214111328,26.813243865966797
affine_w,301,0.6014990210533142,0.8248531174689983,0.5001443001443001,0.6009100675582886,1.480169653892517,0.18549920618534088,33.4784049987793,26.87995147705078
affine_w,302,0.6009100675582886,0.8248531174689983,0.5001443001443001,0.6003259420394897,1.4799529314041138,0.18558929860591888,33.547698974609375,26.94644546508789
affine_w,303,0.6003259420394897,0.8248531174689983,0.5001443001443001,0.5997467041015625,1.4797394275665283,0.18567849695682526,33.616756439208984,27.01272964477539
affine_w,304,0.5997467041015625,0.8248531174689983,0.5001443001443001,0.5991722345352173,1.4795289039611816,0.18576686084270477,33.68558120727539,27.078800201416016
affine_w,305,0.5991722345352173,0.8248531174689983,0.5001443001443001,0.5986026525497437,1.4793214797973633,0.18585437536239624,33.754180908203125,27.144657135009766
affine_w,306,0.5986026525497437,0.8248531174689983,0.5001443001443001,0.598037600517273,1.4791171550750732,0.18594102561473846,33.82254409790039,27.210304260253906
affine_w,307,0.598037600517273,0.8248531174689983,0.5001443001443001,0.597477376461029,1.4789156913757324,0.18602682650089264,33.89067840576172,27.275737762451172
affine_w,308,0.597477376461029,0.8248531174689983,0.5001443001443001,0.5969218611717224,1.47871732711792,0.18611180782318115,33.958580017089844,27.340957641601562
affine_w,309,0.5969218611717224,0.8248531174689983,0.5001443001443001,0.5963709950447083,1.4785220623016357,0.18619592487812042,34.02625274658203,27.405967712402344
affine_w,310,0.5963709950447083,0.8248531174689983,0.5001443001443001,0.5958247780799866,1.4783298969268799,0.18627923727035522,34.093692779541016,27.470762252807617
affine_w,311,0.5958247780799866,0.8248531174689983,0.49319985569985564,0.5952831506729126,1.4781402349472046,0.18636170029640198,34.160911560058594,27.535343170166016
affine_w,312,0.5952831506729126,0.8248531174689983,0.49319985569985564,0.5947460532188416,1.477953553199768,0.18644335865974426,34.2278938293457,27.599714279174805
affine_w,313,0.5947460532188416,0.8248531174689983,0.49319985569985564,0.594213604927063,1.4777697324752808,0.1865241974592209,34.294647216796875,27.663867950439453
affine_w,314,0.594213604927063,0.8264556815715624,0.49319985569985564,0.5936856269836426,1.4775888919830322,0.18660421669483185,34.36117935180664,27.72780990600586
affine_w,315,0.5936856269836426,0.8264556815715624,0.49319985569985564,0.5931620001792908,1.4774106740951538,0.18668341636657715,34.42747116088867,27.791536331176758
affine_w,316,0.5931620001792908,0.8264556815715624,0.49319985569985564,0.5926430225372314,1.4772355556488037,0.18676184117794037,34.49354553222656,27.85504913330078
affine_w,317,0.5926430225372314,0.8264556815715624,0.49319985569985564,0.592128336429596,1.4770632982254028,0.18683947622776031,34.55938720703125,27.91834831237793
affine_w,318,0.592128336429596,0.8264556815715624,0.49319985569985564,0.5916181802749634,1.4768933057785034,0.1869163066148758,34.625003814697266,27.981433868408203
affine_w,319,0.5916181802749634,0.8264556815715624,0.49319985569985564,0.5911123156547546,1.4767261743545532,0.1869923174381256,34.69038772583008,28.04430389404297
affine_w,320,0.5911123156547546,0.8264556815715624,0.49319985569985564,0.5906108021736145,1.4765620231628418,0.18706756830215454,34.755550384521484,28.10696029663086
affine_w,321,0.5906108021736145,0.8264556815715624,0.49319985569985564,0.5901135802268982,1.4764001369476318,0.1871420294046402,34.82048797607422,28.169403076171875
affine_w,322,0.5901135802268982,0.8280582456741264,0.49319985569985564,0.5896206498146057,1.476241111755371,0.18721570074558258,34.88519287109375,28.23162841796875
affine_w,323,0.5896206498146057,0.8280582456741264,0.49319985569985564,0.5891320109367371,1.4760844707489014,0.18728861212730408,34.949676513671875,28.29364013671875
affine_w,324,0.5891320109367371,0.8280582456741264,0.49319985569985564,0.5886476039886475,1.4759306907653809,0.1873607337474823,35.013938903808594,28.355440139770508
no_bias_w,1,0.45863208174705505,0.9263468500698863,0.5602332852332852,0.43456465005874634,1.3931081295013428,0.14227406680583954,0.17319625616073608,0.0999990850687027
no_bias_w,2,0.43456465005874634,0.9247442859673222,0.5518999518999519,0.41227373480796814,1.3991962671279907,0.14954917132854462,0.34538891911506653,0.20012961328029633
no_bias_w,3,0.41227373480796814,0.9247442859673222,0.5518999518999519,0.39174842834472656,1.4081214666366577,0.15716047585010529,0.517325222492218,0.30048078298568726
no_bias_w,4,0.39174842834472656,0.9247442859673222,0.5518999518999519,0.37295886874198914,1.4199168682098389,0.1651042252779007,0.6889936327934265,0.40110331773757935
no_bias_w,5,0.37295886874198914,0.9247442859673222,0.5518999518999519,0.35585787892341614,1.434585452079773,0.17337265610694885,0.8601558208465576,0.502096951007843
no_bias_w,6,0.35585787892341614,0.9247442859673222,0.5518999518999519,0.34038352966308594,1.4520976543426514,0.18195371329784393,1.0304313898086548,0.6035555601119995
no_bias_w,7,0.34038352966308594,0.9247442859673222,0.5518999518999519,0.32646092772483826,1.4723899364471436,0.19083085656166077,1.1993794441223145,0.7055313587188721
no_bias_w,8,0.32646092772483826,0.9247442859673222,0.5518999518999519,0.31400543451309204,1.495365023612976,0.19998297095298767,1.3666268587112427,0.8080946207046509
no_bias_w,9,0.31400543451309204,0.9247442859673222,0.5518999518999519,0.3029249906539917,1.52089262008667,0.2093842774629593,1.5319857597351074,0.9114303588867188
no_bias_w,10,0.3029249906539917,0.9263468500698863,0.5518999518999519,0.29312315583229065,1.5488122701644897,0.21900446712970734,1.6954569816589355,1.0155175924301147
no_bias_w,11,0.29312315583229065,0.9299733932797628,0.5518999518999519,0.28450077772140503,1.5789366960525513,0.22880899906158447,1.8571066856384277,1.1204006671905518
no_bias_w,12,0.28450077772140503,0.9299733932797628,0.5518999518999519,0.2769584357738495,1.6110544204711914,0.23875932395458221,2.0169148445129395,1.226113200187683
no_bias_w,13,0.2769584357738495,0.9299733932797628,0.5518999518999519,0.27039724588394165,1.6449335813522339,0.2488134205341339,2.1747050285339355,1.3326778411865234
no_bias_w,14,0.27039724588394165,0.931516603156306,0.5518999518999519,0.2647205889225006,1.6803243160247803,0.25892624258995056,2.330198049545288,1.4401061534881592
no_bias_w,15,0.2647205889225006,0.9333684550081579,0.5518999518999519,0.25983476638793945,1.7169604301452637,0.2690504193305969,2.483165979385376,1.5487115383148193
no_bias_w,16,0.25983476638793945,0.9333684550081579,0.5518999518999519,0.2556506097316742,1.754559874534607,0.2791370153427124,2.6335949897766113,1.658219575881958
no_bias_w,17,0.2556506097316742,0.9333684550081579,0.5518999518999519,0.25208407640457153,1.7928261756896973,0.28913623094558716,2.781726837158203,1.7685770988464355
no_bias_w,18,0.25208407640457153,0.9333684550081579,0.5518999518999519,0.24905715882778168,1.8314547538757324,0.298998087644577,2.9279675483703613,1.8797433376312256
no_bias_w,19,0.24905715882778168,0.9333684550081579,0.5518999518999519,0.2464982569217682,1.8701415061950684,0.30867353081703186,3.072755813598633,1.991668462753296
no_bias_w,20,0.2464982569217682,0.9365735832132861,0.5532888407888408,0.24434202909469604,1.9085880517959595,0.3181149959564209,3.2164740562438965,2.104292631149292
no_bias_w,21,0.24434202909469604,0.9365735832132861,0.5532888407888408,0.24252943694591522,1.9465101957321167,0.32727715373039246,3.35941481590271,2.217548370361328
no_bias_w,22,0.24252943694591522,0.9365735832132861,0.5532888407888408,0.24100764095783234,1.9836407899856567,0.33611777424812317,3.50178599357605,2.3313589096069336
no_bias_w,23,0.24100764095783234,0.9365735832132861,0.5532888407888408,0.23972965776920319,2.0197341442108154,0.3445982038974762,3.6437277793884277,2.445639133453369
no_bias_w,24,0.23972965776920319,0.9365735832132861,0.5532888407888408,0.23865441977977753,2.054570198059082,0.352683961391449,3.7853286266326904,2.5602965354919434
no_bias_w,25,0.23865441977977753,0.9365735832132861,0.5532888407888408,0.23774629831314087,2.087953805923462,0.36034515500068665,3.9266319274902344,2.675229549407959
no_bias_w,26,0.23774629831314087,0.9365735832132861,0.5532888407888408,0.23697474598884583,2.119718074798584,0.3675568699836731,4.067638874053955,2.790329933166504
no_bias_w,27,0.23697474598884583,0.9383096943243973,0.5532888407888408,0.23631389439105988,2.1497247219085693,0.3742992579936981,4.208301544189453,2.9054808616638184
no_bias_w,28,0.23631389439105988,0.940161546176249,0.5532888407888408,0.23574212193489075,2.177863597869873,0.38055768609046936,4.348520755767822,3.020559310913086
no_bias_w,29,0.23574212193489075,0.940191783234788,0.5532888407888408,0.23524147272109985,2.2040510177612305,0.3863227963447571,4.488144397735596,3.135434150695801
no_bias_w,30,0.23524147272109985,0.940191783234788,0.5532888407888408,0.23479720950126648,2.228231906890869,0.3915902376174927,4.626969337463379,3.2499687671661377
no_bias_w,31,0.23479720950126648,0.9399739183110407,0.5532888407888408,0.23439745604991913,2.2503740787506104,0.3963605761528015,4.7647528648376465,3.3657140731811523
no_bias_w,32,0.23439745604991913,0.9399739183110407,0.5532888407888408,0.23403286933898926,2.27047061920166,0.4006388783454895,4.901227951049805,3.482945680618286
no_bias_w,33,0.23403286933898926,0.9399739183110407,0.5532888407888408,0.23369620740413666,2.288533926010132,0.40443453192710876,5.0361151695251465,3.5993123054504395
no_bias_w,34,0.23369620740413666,0.9399739183110407,0.5532888407888408,0.23338201642036438,2.3045995235443115,0.4077606499195099,5.169134140014648,3.7145557403564453
no_bias_w,35,0.23338201642036438,0.9399739183110407,0.5532888407888408,0.2330864816904068,2.318718194961548,0.41063371300697327,5.300005912780762,3.828402042388916
no_bias_w,36,0.2330864816904068,0.9399739183110407,0.5483285233285233,0.23280702531337738,2.330956220626831,0.4130731523036957,5.428450584411621,3.9405617713928223
no_bias_w,37,0.23280702531337738,0.9399739183110407,0.5490860990860992,0.23254191875457764,2.341392755508423,0.4151008129119873,5.5541839599609375,4.05073356628418
no_bias_w,38,0.23254191875457764,0.9399739183110407,0.5490860990860992,0.23229040205478668,2.3501169681549072,0.41674044728279114,5.676910877227783,4.158605575561523
no_bias_w,39,0.23229040205478668,0.9384015912670156,0.5574194324194325,0.23205183446407318,2.357226848602295,0.4180174469947815,5.796329498291016,4.263859748840332
no_bias_w,40,0.23205183446407318,0.9384015912670156,0.5574194324194325,0.23182609677314758,2.362826108932495,0.41895821690559387,5.912132740020752,4.366174697875977
no_bias_w,41,0.23182609677314758,0.936767604338911,0.5574194324194325,0.2316129505634308,2.3670222759246826,0.4195898175239563,6.024011135101318,4.470062255859375
no_bias_w,42,0.2316129505634308,0.936767604338911,0.5574194324194325,0.2314123809337616,2.3699259757995605,0.41993963718414307,6.131665229797363,4.572964668273926
no_bias_w,43,0.2314123809337616,0.936767604338911,0.5574194324194325,0.23122425377368927,2.3716492652893066,0.42003512382507324,6.234808921813965,4.673881530761719
no_bias_w,44,0.23122425377368927,0.936767604338911,0.5574194324194325,0.2310483753681183,2.3723042011260986,0.41990333795547485,6.333183765411377,4.772665977478027
no_bias_w,45,0.2310483753681183,0.936767604338911,0.5574194324194325,0.23088449239730835,2.3720014095306396,0.41957083344459534,6.426564693450928,4.869175910949707
no_bias_w,46,0.23088449239730835,0.936767604338911,0.5574194324194325,0.23073235154151917,2.3708481788635254,0.4190632700920105,6.514769077301025,4.963274955749512
no_bias_w,47,0.23073235154151917,0.936767604338911,0.5574194324194325,0.23059165477752686,2.3689513206481934,0.4184054732322693,6.597657203674316,5.054828643798828
no_bias_w,48,0.23059165477752686,0.936767604338911,0.5455146705146705,0.23046205937862396,2.3664112091064453,0.41762101650238037,6.6751389503479,5.143711090087891
no_bias_w,49,0.23046205937862396,0.936767604338911,0.5455146705146705,0.23034310340881348,2.363325357437134,0.4167322516441345,6.747170448303223,5.229803085327148
no_bias_w,50,0.23034310340881348,0.936767604338911,0.5455146705146705,0.23023435473442078,2.3597869873046875,0.41576024889945984,6.8137526512146,5.312994003295898
no_bias_w,51,0.23023435473442078,0.936767604338911,0.5455146705146705,0.23013536632061005,2.355882406234741,0.41472455859184265,6.874930381774902,5.393182754516602
no_bias_w,52,0.23013536632061005,0.936767604338911,0.5455146705146705,0.23004552721977234,2.351693868637085,0.41364333033561707,6.930790424346924,5.470279693603516
no_bias_w,53,0.23004552721977234,0.936767604338911,0.5455146705146705,0.22996437549591064,2.347296953201294,0.4125331938266754,6.981454849243164,5.544205665588379
no_bias_w,54,0.22996437549591064,0.936767604338911,0.5455146705146705,0.22989128530025482,2.342763900756836,0.41140931844711304,7.0270819664001465,5.614894390106201
no_bias_w,55,0.22989128530025482,0.936767604338911,0.5455146705146705,0.22982574999332428,2.3381595611572266,0.4102853834629059,7.067858695983887,5.682291507720947
no_bias_w,56,0.22982574999332428,0.936767604338911,0.5455146705146705,0.22976729273796082,2.3335413932800293,0.4091736376285553,7.104000091552734,5.746356964111328
no_bias_w,57,0.22976729273796082,0.9350314932277999,0.5455146705146705,0.22971545159816742,2.3289642333984375,0.408084899187088,7.135737895965576,5.807062149047852
no_bias_w,58,0.22971545159816742,0.9350314932277999,0.5455146705146705,0.2296697497367859,2.3244752883911133,0.40702858567237854,7.163322925567627,5.864394187927246
no_bias_w,59,0.2296697497367859,0.9334591661837748,0.5455146705146705,0.22962982952594757,2.3201165199279785,0.4060128629207611,7.187013626098633,5.9183502197265625
no_bias_w,60,0.22962982952594757,0.9334591661837748,0.5455146705146705,0.22959503531455994,2.3159236907958984,0.4050446152687073,7.207076072692871,5.9689435958862305
no_bias_w,61,0.22959503531455994,0.9334591661837748,0.5455146705146705,0.22956517338752747,2.311927080154419,0.4041295349597931,7.22377872467041,6.0161967277526855
no_bias_w,62,0.22956517338752747,0.9334591661837748,0.5455146705146705,0.22953961789608002,2.308152198791504,0.40327218174934387,7.237390518188477,6.060145378112793
no_bias_w,63,0.22953961789608002,0.9334591661837748,0.5455146705146705,0.2295181155204773,2.304619550704956,0.40247613191604614,7.2481794357299805,6.100836753845215
no_bias_w,64,0.2295181155204773,0.9350314932277999,0.5455146705146705,0.22950007021427155,2.3013429641723633,0.40174388885498047,7.25640869140625,6.1383280754089355
no_bias_w,65,0.22950007021427155,0.9350314932277999,0.5455146705146705,0.2294851541519165,2.2983343601226807,0.4010770916938782,7.2623372077941895,6.172688007354736
no_bias_w,66,0.2294851541519165,0.9350314932277999,0.5455146705146705,0.2294730395078659,2.2955994606018066,0.4004765450954437,7.26621675491333,6.203993797302246
no_bias_w,67,0.2294730395078659,0.9350314932277999,0.5455146705146705,0.22946332395076752,2.293142080307007,0.3999423384666443,7.268290042877197,6.232331275939941
no_bias_w,68,0.22946332395076752,0.9350314932277999,0.5455146705146705,0.22945567965507507,2.2909603118896484,0.39947378635406494,7.268789291381836,6.257795333862305
no_bias_w,69,0.22945567965507507,0.9350314932277999,0.5455146705146705,0.22944971919059753,2.289051055908203,0.399069607257843,7.267936706542969,6.280488967895508
no_bias_w,70,0.22944971919059753,0.9350314932277999,0.5455146705146705,0.22944524884223938,2.287407636642456,0.39872798323631287,7.265939712524414,6.300521373748779
no_bias_w,71,0.22944524884223938,0.9377196652708105,0.5455146705146705,0.22944192588329315,2.2860209941864014,0.39844658970832825,7.262992858886719,6.3180084228515625
no_bias_w,72,0.22944192588329315,0.9377196652708105,0.5455146705146705,0.22943948209285736,2.2848808765411377,0.3982226848602295,7.259278297424316,6.333071708679199
no_bias_w,73,0.22943948209285736,0.9377196652708105,0.5385702260702261,0.22943776845932007,2.2839744091033936,0.39805319905281067,7.254963397979736,6.345836639404297
no_bias_w,74,0.22943776845932007,0.9377196652708105,0.5302368927368927,0.229436457157135,2.2832887172698975,0.3979347348213196,7.25020170211792,6.3564348220825195
no_bias_w,75,0.229436457157135,0.9377196652708105,0.5302368927368927,0.22943545877933502,2.2828078269958496,0.3978637158870697,7.245131015777588,6.364997386932373
no_bias_w,76,0.22943545877933502,0.9377196652708105,0.5302368927368927,0.22943463921546936,2.282517671585083,0.397836297750473,7.239875793457031,6.371660232543945
no_bias_w,77,0.22943463921546936,0.9377196652708105,0.5302368927368927,0.2294338345527649,2.2824013233184814,0.39784863591194153,7.234549045562744,6.376560211181641
no_bias_w,78,0.2294338345527649,0.9377196652708105,0.5302368927368927,0.22943298518657684,2.282442331314087,0.3978967070579529,7.229245662689209,6.3798322677612305
no_bias_w,79,0.22943298518657684,0.9377196652708105,0.5302368927368927,0.2294320911169052,2.282625436782837,0.3979765772819519,7.224048614501953,6.381612777709961
no_bias_w,80,0.2294320911169052,0.9377196652708105,0.5302368927368927,0.22943104803562164,2.282933235168457,0.39808428287506104,7.219028472900391,6.382035732269287
no_bias_w,81,0.22943104803562164,0.9377196652708105,0.5302368927368927,0.22942981123924255,2.2833495140075684,0.3982158899307251,7.214242458343506,6.381233215332031
