epoch,lambda_scale,lambda_p2,lambda_a1,train_task_loss,train_p2,train_a1,train_weighted_p2,train_weighted_a1,train_total_loss,train_reg_to_task_ratio,val_native_ba,val_native_loss,first_batch_task_grad_norm,first_batch_p2_grad_norm_raw,first_batch_a1_grad_norm_raw,first_batch_weighted_p2_grad_norm,first_batch_weighted_a1_grad_norm,first_batch_reg_grad_norm,first_batch_p2_to_task_grad_ratio,first_batch_a1_to_task_grad_ratio,first_batch_reg_to_task_grad_ratio,train_p2_hidden_1,train_p2_hidden_2
1,1.0,0.01,0.1,2.484061277671853,0.29483889020248455,0.001032536451844258,0.0029483888347965,0.00010325364762644257,2.4871130133249673,0.0012284892123446511,0.08333333333333333,2.4849069118499756,0.011372022002222176,0.48048048882178024,0.0006500059967883666,0.004804804807812745,6.500060733076431e-05,0.0048202346971166765,0.4225110369003728,0.005715835523186881,0.42386786590588443,0.5386732661785645,0.051004515047122605
2,1.0,0.01,0.1,2.4801912168217197,0.202557752290404,0.0007142011369153754,0.0020255774436694876,7.142011379047053e-05,2.482288198093539,0.0008454983403042564,0.08333333333333333,2.4849069118499756,0.0017562520631941871,0.3586419647119365,0.00042327501448809744,0.003586419527755811,4.232750050455298e-05,0.0035940363640867517,2.0420870118341683,0.024101039589710004,2.0464239953973866,0.37755074522581444,0.027564755915030964
3,1.0,0.01,0.1,2.479828508298286,0.14278142381196587,0.0005875725849938744,0.0014278141995282803,5.875725869975805e-05,2.4813150854816537,0.0005994654280541992,0.08333333333333333,2.4849069118499756,,,,,,,,,,0.2674407602228519,0.018122087622288993
4,1.0,0.01,0.1,2.4786735742309625,0.10282634865498994,0.0005077582133994814,0.0010282634853637054,5.0775821993657244e-05,2.479752643998847,0.00043532933040291405,0.08333333333333333,2.4849069118499756,,,,,,,,,,0.19301397013582175,0.01263872702347945
5,1.0,0.01,0.1,2.4771644531552024,0.0791323102895241,0.0004908563794354585,0.0007913230886088168,4.908563850458356e-05,2.4780049155788455,0.000339262387704199,0.08333333333333333,2.4849069118499756,0.009407820300936608,0.174863952441351,0.0003236520959946973,0.0017486394088730758,3.236521062855901e-05,0.0017514679379383895,0.18587083436308702,0.0034402454121425815,0.18617149157961912,0.14675542558326984,0.011509192707546042
6,1.0,0.01,0.1,2.475696766438049,0.0641308738537479,0.0004701965282913201,0.0006413087235778096,4.701965311966939e-05,2.4763850796448383,0.00027803420274601044,0.08333333333333333,2.4849069118499756,,,,,,,,,,0.11776970443596323,0.010492042672023716
7,1.0,0.01,0.1,2.47505296856524,0.05460762828203774,0.00047097917665305054,0.0005460762765046959,4.709791816779697e-05,2.4756461720458405,0.00023966121218664232,0.08333333333333333,2.4849069118499756,,,,,,,,,,0.09927358070513467,0.00994167537724987
8,1.0,0.01,0.1,2.473714944212449,0.04812828816871019,0.00047892924653055233,0.00048128286829032325,4.789292600054756e-05,2.4742441489241003,0.00021391947181664594,0.08333333333333333,2.4849069118499756,,,,,,,,,,0.08658725436193397,0.009669321481773243
9,1.0,0.01,0.1,2.4723570153963546,0.04371020827512938,0.0005029435144803886,0.00043710207637950854,5.029435253004013e-05,2.4728444311992233,0.00019713836872034922,0.08333333333333333,2.4849069118499756,,,,,,,,,,0.07797831091741277,0.009442106177854046
10,1.0,0.01,0.1,2.470180287418595,0.04050831028008625,0.0005118641086650464,0.0004050830942570599,5.1186411711191975e-05,2.4706365606665814,0.00018471101412806826,0.08333333333333333,2.4849069118499756,0.006615934383428734,0.06521478644115315,0.0002617296759814864,0.0006521478274880288,2.6172970228107344e-05,0.0006568283118151572,0.09857229375211105,0.003956050455044432,0.09927975003203604,0.07192037804709449,0.00909624378342765
11,1.0,0.01,0.1,2.4683913039668703,0.03818862709551793,0.000525611265411796,0.0003818862645413162,5.256112758936833e-05,2.46882574078138,0.00017600426295154195,0.08333333333333333,2.4849069118499756,,,,,,,,,,0.06748621960822973,0.008891036097607904
12,1.0,0.01,0.1,2.466608676565699,0.03635672765195677,0.0005473851362221654,0.0003635672665150634,5.4738514103106e-05,2.467027016638068,0.0001695874114902505,0.08333333333333333,2.4849069118499756,,,,,,,,,,0.06403178136904761,0.008681671977645867
13,1.0,0.01,0.1,2.4651899625019853,0.034945524639086144,0.0005562809795275869,0.0003494552446135741,5.562809804668241e-05,2.465595002839159,0.0001643213500062798,0.08333333333333333,2.4849069118499756,,,,,,,,,,0.06136079344789461,0.008530256105987628
14,1.0,0.01,0.1,2.463125396718667,0.03384118761848049,0.0005850951209754111,0.0003384118683302772,5.850951181389147e-05,2.463522317282304,0.00016114542145233062,0.08333333333333333,2.4849069118499756,,,,,,,,,,0.05910686129726559,0.008575513320149478
15,1.0,0.01,0.1,2.461179631096976,0.03296428697308759,0.0006245231475194567,0.0003296428661803088,6.245231625942139e-05,2.461571756615696,0.0001593118915359172,0.08333333333333333,2.4849069118499756,,,,,,,,,,0.05713628400469811,0.008792289333953401
16,1.0,0.01,0.1,2.459411619452314,0.032095770955906475,0.0006409421817719353,0.00032095770294883843,6.409421881837947e-05,2.459796628114894,0.00015656261795370596,0.08333333333333333,2.4849069118499756,,,,,,,,,,0.055364174264997706,0.008827368617410453
17,1.0,0.01,0.1,2.4576576117188917,0.031356473317090905,0.0006670196825029688,0.00031356472559489646,6.67019695542712e-05,2.458037893866508,0.00015472728720873703,0.08333333333333333,2.4849069118499756,,,,,,,,,,0.05376705435616014,0.008945891129898097
18,1.0,0.01,0.1,2.45610378736473,0.030574517292507545,0.0006981129604175353,0.0003057451625278447,6.981129822454082e-05,2.45647932330015,0.00015290740671644736,0.08333333333333333,2.4849069118499756,,,,,,,,,,0.05221324739737273,0.008935786051140288
19,1.0,0.01,0.1,2.4549310888562883,0.02977606408913554,0.0006782401256141431,0.00029776063401563805,6.782401454383099e-05,2.4552967236497523,0.000148918497231541,0.08333333333333333,2.4849069118499756,,,,,,,,,,0.05074854534305311,0.008803582527448717
20,1.0,0.01,0.1,2.453918347875756,0.02905541792088757,0.0006944110914141104,0.0002905541727168681,6.944111195286109e-05,2.454278319715017,0.0001467022262502583,0.08333333333333333,2.4849069118499756,0.00461341886938329,0.0214914684750192,0.0002857837791474948,0.00021491468656196868,2.8578378963655097e-05,0.0002292929328244323,0.04658468971639202,0.006194620469715853,0.04970130380879193,0.04936918559229313,0.008741649492081133
21,1.0,0.01,0.1,2.4534517536885563,0.02834909209875765,0.0007017251770248517,0.00028349091871938124,7.017251974313456e-05,2.453805395329881,0.00014414933488331812,0.08333333333333333,2.4849069118499756,,,,,,,,,,0.04807968592197472,0.008618498212223465
22,1.0,0.01,0.1,2.4525676327605255,0.027641012424702488,0.0006970638860491539,0.0002764101209228765,6.970638997995867e-05,2.4529137964297902,0.00014112414527515328,0.08333333333333333,2.4849069118499756,,,,,,,,,,0.046835804976869164,0.008446219103112688
23,1.0,0.01,0.1,2.4513370551669045,0.02711480230144297,0.0007246995188519054,0.0002711480114229902,7.24699524678307e-05,2.4516807287777556,0.00014017573110419322,0.08333333333333333,2.4849069118499756,,,,,,,,,,0.04568781948643584,0.008541784382292203
24,1.0,0.01,0.1,2.4507785110178175,0.026523296309317657,0.0007258888805708279,0.00026523296377343477,7.258889094241951e-05,2.4511162832558875,0.00013784267048088143,0.08333333333333333,2.4849069118499756,,,,,,,,,,0.0445594899228128,0.008487101914377149
25,1.0,0.01,0.1,2.4497391656425855,0.025847400549844086,0.0007242029597910631,0.00025847400292167486,7.242029729904767e-05,2.4500700233315027,0.0001350732783561169,0.08333333333333333,2.4849069118499756,,,,,,,,,,0.043458072747554304,0.008236728146954371
26,1.0,0.01,0.1,2.449312446860151,0.025280850739082043,0.0007313065266512373,0.000252808497475481,7.313065380598387e-05,2.4496384130697857,0.00013307373328351647,0.08333333333333333,2.4849069118499756,,,,,,,,,,0.04242639350039618,0.008135308482701827
27,1.0,0.01,0.1,2.448539916906833,0.024815967360995516,0.0007552270214081374,0.00024815966882510513,7.552270319776869e-05,2.4488635395562177,0.0001321940352239681,0.08333333333333333,2.4849069118499756,,,,,,,,,,0.04138572619852839,0.008246208610022746
28,1.0,0.01,0.1,2.4469442593251163,0.024421708507658898,0.0007638956368828702,0.00024421708411881746,7.638956537766168e-05,2.4472648133098978,0.00013102327454933714,0.08333333333333333,2.4849069118499756,,,,,,,,,,0.04043869952480477,0.008404716961534626
29,1.0,0.01,0.1,2.4464152056255766,0.024020833471427687,0.0008003290767882423,0.0002402083321795887,8.003291040386447e-05,2.446735416550234,0.00013090224498566415,0.08333333333333333,2.4849069118499756,,,,,,,,,,0.039519946893962446,0.008521720775036004
30,1.0,0.01,0.1,2.445341297763555,0.02359983896301248,0.0008091112200440053,0.0002359983878648598,8.091112262054014e-05,2.445658174110977,0.0001295972512202027,0.08333333333333333,2.4849069118499756,0.0053944113617544285,0.02021018367014652,0.0003258510700897421,0.00020210183608620618,3.2585105509828787e-05,0.00022026906355743505,0.03746503974818792,0.006040530342356225,0.040832826565491434,0.0386478800499706,0.008551796628947717
