epoch,train_objective_loss,train_loss,train_balanced_accuracy,train_accuracy,train_macro_f1,val_loss,val_balanced_accuracy,val_accuracy,val_macro_f1,train_output_firing_rate,val_output_firing_rate,train_hidden1_firing_rate,train_hidden2_firing_rate,val_hidden1_firing_rate,val_hidden2_firing_rate
1,2.4849066734313965,2.4849066734313965,0.08333333333333333,0.07756813417190776,0.01199740596627756,2.4849066734313965,0.08333333333333333,0.07738095238095238,0.011970534069981583,0.0,0.0,5.322982180293501e-05,1.1260154612159329e-05,1.743861607142857e-05,0.0
2,2.4849066734313965,2.481274889700068,0.08735465116279069,0.08176100628930817,0.019897190271618626,2.4849066734313965,0.08333333333333333,0.07738095238095238,0.011970534069981583,2.1837875611460516e-05,0.0,0.00012181439989517819,6.0395374737945495e-05,6.684802827380953e-05,1.1625744047619047e-05
3,2.4797927718492425,2.4703925260707766,0.09142211148025102,0.0859538784067086,0.02788543234891372,2.4849066734313965,0.08333333333333333,0.07738095238095238,0.011970534069981583,0.00015286512928022362,0.0,0.00024874705188679245,0.00015047661163522012,0.00019182477678571428,6.394159226190477e-05
4,2.467977670753527,2.460043420331783,0.09804759597637504,0.09224318658280922,0.04066683083001422,2.4921654973711287,0.07051282051282051,0.06547619047619048,0.010299625468164793,0.00029481132075471697,0.00015500992063492063,0.0005251326650943396,0.0003367809879454927,0.0003952752976190476,0.00029355003720238094
5,2.459503399251142,2.4478497945037776,0.09932149568777476,0.09433962264150944,0.04281086054341868,2.5096263658432734,0.07051282051282051,0.06547619047619048,0.010357815442561206,0.0005241090146750524,0.0003720238095238095,0.0009120725235849057,0.000662301821278826,0.0006394159226190476,0.0006510416666666666
6,2.445432923874765,2.4143753796503478,0.12127559264187171,0.11740041928721175,0.08011195413156197,2.530932585398356,0.07051282051282051,0.06547619047619048,0.010476190476190477,0.0011683263452131377,0.0009300595238095238,0.0017074488993710692,0.0016122494103773585,0.001060849144345238,0.0012177966889880952
7,2.39032107079304,2.3371935655485907,0.14381755424633333,0.14255765199161424,0.11823736674050746,2.51681619598752,0.07852564102564102,0.07738095238095238,0.03446455505279035,0.002784329140461216,0.002232142857142857,0.0028948833857442347,0.0035008844339622642,0.001708984375,0.002246675037202381
8,2.3274263945765465,2.292641591725859,0.144758673937453,0.14465408805031446,0.11333679926983466,2.545482885269892,0.08447802197802197,0.08333333333333333,0.04272387504094821,0.004607791754018169,0.0032862103174603175,0.003960503472222222,0.0059228413259958075,0.002255394345238095,0.003391810825892857
9,2.288221532693699,2.2685835681371467,0.1656865214278005,0.16561844863731656,0.12951386540134027,2.5358770347776867,0.09935897435897435,0.10119047619047619,0.04752920035938904,0.005361198462613557,0.003627232142857143,0.004160115303983228,0.006626089164046121,0.002365838913690476,0.003734770275297619
10,2.256820529261975,2.229162874961549,0.17642694935572845,0.1761006289308176,0.1398667033586204,2.5466930071512857,0.09935897435897435,0.10119047619047619,0.048532456460845204,0.005099143955276031,0.004030257936507937,0.004092554376310273,0.006504274764150943,0.0024355933779761905,0.003859747023809524
11,2.219392972422346,2.200313655585363,0.1981596955797537,0.1970649895178197,0.17520672932946776,2.517487094515846,0.10010302197802197,0.10119047619047619,0.059813596491228076,0.005197414395527603,0.0035652281746031745,0.004255314792976939,0.006951609997379455,0.002514067150297619,0.003929501488095238
12,2.1979019177034966,2.1631691375868374,0.2053077678441051,0.20545073375262055,0.18933681578322134,2.518586669649397,0.10183913308913307,0.10119047619047619,0.06611667082785026,0.006769741439552761,0.004898313492063492,0.004928876768867925,0.008572048611111112,0.002883184523809524,0.004725864955357143
13,2.15667253370305,2.0992999016863747,0.22585229256740888,0.22641509433962265,0.20865964180383326,2.4923337414151145,0.10183913308913307,0.10119047619047619,0.06643095175309331,0.009401205450733753,0.006200396825396825,0.0058020505765199164,0.010671555621069183,0.0034121558779761905,0.005711146763392857
14,2.0813272314251594,2.044644718899917,0.24474636171583844,0.2431865828092243,0.22034752762352727,2.4356290839967274,0.12755647130647133,0.125,0.09431608338342085,0.012578616352201259,0.007905505952380952,0.006754045466457023,0.013342259564989517,0.004002162388392857,0.007068452380952381
15,2.0340238084833078,1.97223462398697,0.27495831020540323,0.27253668763102723,0.2505214629776656,2.5251077697390603,0.10304105616605617,0.10119047619047619,0.06326359506891481,0.01567959468902865,0.00923859126984127,0.0076763544942348005,0.016169582023060798,0.004618326822916667,0.008608863467261904
16,1.9335219105334651,1.8680486196741868,0.3218143529553414,0.3228511530398323,0.29196731917132246,2.6246157373700822,0.13606532356532355,0.13690476190476192,0.11439363934698014,0.020003494060097833,0.011470734126984126,0.008879143736897275,0.01976259499475891,0.005336216517857143,0.010495140438988096
17,1.8683698057378613,1.7670219961702198,0.35743805994532735,0.35639412997903563,0.3242252226140699,2.573181402115595,0.14127365689865687,0.14285714285714285,0.11757552483358934,0.022285552061495458,0.013175843253968254,0.010057365369496855,0.022781340081236896,0.00609770275297619,0.012172154017857142
18,1.7582145974321186,1.6923594879654218,0.3778849272671947,0.3752620545073375,0.3536279437662108,2.5976102352142334,0.14098748473748474,0.14285714285714285,0.11272070089240745,0.02282058001397624,0.01298983134920635,0.010998100104821803,0.025039512906184485,0.006699335007440476,0.013407389322916666
19,1.6627993746123724,1.6126669050512574,0.416520576658658,0.4192872117400419,0.39656876968885335,2.6828177997044156,0.15615460927960928,0.16071428571428573,0.1381400527410714,0.022558525506638713,0.012028769841269842,0.011784263626834381,0.027107286753144656,0.007158551897321429,0.01433163597470238
20,1.6156129684588194,1.5345143941963244,0.44054697157894834,0.44654088050314467,0.4109750343191601,2.710129896799723,0.16185897435897437,0.16666666666666666,0.13413598302251536,0.025266422082459817,0.013237847222222222,0.013189735652515723,0.03140457121331237,0.008059547061011904,0.016831170944940476
21,1.5015668236734483,1.4249451895179988,0.4901276800622731,0.4968553459119497,0.44945876140342667,2.6539585022699264,0.17673992673992675,0.18452380952380953,0.1538848518166425,0.0265220999301188,0.014632936507936508,0.014482606132075472,0.03456253275681342,0.00897216796875,0.01878720238095238
22,1.4119488298268188,1.3598148462907322,0.5174746292842224,0.5241090146750524,0.4697301333674786,2.6709972676776705,0.17107371794871795,0.17857142857142858,0.1562975389919631,0.02659853249475891,0.014632936507936508,0.015584053983228511,0.036927165225366876,0.009602864583333334,0.02022588820684524
23,1.3493542461275305,1.300761158361375,0.5328182904854416,0.5387840670859538,0.47842763764541707,2.654051031385149,0.19293727106227107,0.20238095238095238,0.18725877861934834,0.02312631027253669,0.012059771825396826,0.016666052476415096,0.03946172366352201,0.010239374069940476,0.02155703590029762
24,1.2858559842879418,1.2469445806879167,0.5439214060216967,0.549266247379455,0.49049255420414073,2.6086488564809165,0.18532509157509158,0.19642857142857142,0.1769778803214188,0.02480782669461915,0.01209077380952381,0.017421506485849055,0.04130327076781971,0.010724748883928572,0.022446405319940476
25,1.239017647767217,1.183851788628776,0.5617413996411089,0.570230607966457,0.5286380474184943,2.5759085473560153,0.20215201465201463,0.21428571428571427,0.1865995115995116,0.025222746331236896,0.012338789682539682,0.018310035049790355,0.04393917059748428,0.011265345982142858,0.023934500558035716
26,1.1569476457511854,1.0839015975188409,0.599791858549126,0.610062893081761,0.5665176659098274,2.4901317187717984,0.17582417582417584,0.18452380952380953,0.15963924963924964,0.026554856743535988,0.012059771825396826,0.019615189334381552,0.047905815972222224,0.012032645089285714,0.026096888950892856
27,1.0732619634964182,1.0466564706286545,0.6187548225702295,0.6310272536687631,0.5823872222407525,2.534447022846767,0.21699481074481075,0.2261904761904762,0.21504123312253168,0.028629454926624737,0.013919890873015874,0.021100506092767295,0.052945246986373165,0.01299467540922619,0.028811500186011904
28,1.0392873213476106,0.9975069821255762,0.6312383056569103,0.6436058700209644,0.5943068279317786,2.4653263773236955,0.21802503052503053,0.2261904761904762,0.21719620439950674,0.03084599930118798,0.01609002976190476,0.022396447523584904,0.057278359211215935,0.01390438988095238,0.03168596540178571
29,0.9789654106464026,0.9405194354757073,0.6560046582939024,0.6687631027253669,0.6143275825454312,2.4086111840747653,0.258203601953602,0.26785714285714285,0.25581960504821655,0.030605782669461915,0.015873015873015872,0.023699554507337527,0.061620684289832285,0.01477632068452381,0.03418840680803571
30,0.9127173126368653,0.862073522318834,0.6854935089310089,0.70020964360587,0.6573446690906787,2.3920474620092484,0.21356074481074483,0.22023809523809523,0.21395600391743766,0.030245457721872815,0.015407986111111112,0.024867539635744236,0.06465478413259958,0.015520368303571428,0.03613862537202381
31,0.8652025177543768,0.8048883491592087,0.6942838101995079,0.710691823899371,0.6671449656576875,2.4226740314846946,0.23170405982905984,0.24404761904761904,0.22779176841676843,0.034602113906359186,0.018818204365079364,0.025912686713836477,0.06683106492400419,0.016139439174107144,0.037562779017857144
32,0.8140485938989891,0.7718603912139589,0.704220385252362,0.7211740041928721,0.6771614384895089,2.361011709485735,0.26915445665445664,0.27976190476190477,0.26604754234380806,0.03684049615653389,0.021608382936507936,0.027037678524633124,0.07053770309224319,0.016959054129464284,0.04000127883184524
33,0.7706423747964375,0.7282890666205928,0.7220337721064466,0.740041928721174,0.6995305208091981,2.3237411862327937,0.2910180097680098,0.30357142857142855,0.3021820876891871,0.036611198462613556,0.021918402777777776,0.02813707907494759,0.07390858392295598,0.017743791852678572,0.04200090680803571
34,0.7302679831876695,0.6839420511787543,0.7407986796794935,0.7547169811320755,0.7263049695366854,2.3960181531452,0.30349511599511597,0.32142857142857145,0.3271152736657053,0.038958770090845564,0.023003472222222224,0.029026631289308175,0.07698362978249476,0.01829892113095238,0.04414295014880952
35,0.6870568602090111,0.6494422924843474,0.7506339509973231,0.7651991614255765,0.7356846130850281,2.51105767204648,0.3042391636141636,0.32142857142857145,0.3141181565096473,0.04107704402515723,0.026320684523809524,0.02966027089884696,0.0797577224187631,0.018772670200892856,0.046450660342261904
36,0.6443037170784028,0.6166261795681728,0.7654364934161445,0.7756813417190775,0.7619898440549235,2.429953756786528,0.3325129731379731,0.35119047619047616,0.3424580685635452,0.04102244933612858,0.02554563492063492,0.030285721305031446,0.08230968291404613,0.019051688058035716,0.04807245163690476
37,0.6121148073448325,0.5777906922924194,0.7872367014445504,0.7945492662473794,0.7895476862649827,2.407589798881894,0.3250343406593406,0.3333333333333333,0.35409825802822037,0.03963574423480084,0.024522569444444444,0.03070644162735849,0.08380523617662473,0.019362676711309524,0.049072265625
38,0.5797997114543395,0.5649087780176718,0.7911961020245905,0.7966457023060797,0.7917335300219738,2.5505953402746293,0.3124618437118437,0.32142857142857145,0.3526639620843452,0.03970125786163522,0.024398561507936508,0.031182439072327043,0.08564166502882599,0.019717261904761904,0.050374348958333336
39,0.5628712577140056,0.552327159690657,0.7989039949069019,0.8050314465408805,0.8018323686538297,2.6772536663782027,0.2769574175824176,0.2857142857142857,0.30461734902524373,0.0404874213836478,0.025514632936507936,0.03169733523322851,0.0876418779481132,0.020066034226190476,0.051952543712797616
40,0.544921918610107,0.5222741824026128,0.8085193795222865,0.8113207547169812,0.8129965580528632,2.619489703859602,0.2896672771672772,0.30357142857142855,0.3107696598983214,0.04097877358490566,0.026320684523809524,0.03210167714884696,0.0891794008778826,0.020356677827380952,0.05284772600446429
41,0.5158273022879595,0.5015169630760417,0.8161832273024134,0.8197064989517819,0.820379740110145,2.643576973960513,0.2775144993894994,0.2916666666666667,0.2967720020786229,0.04122990915443746,0.026320684523809524,0.03246916764937107,0.0903473860062893,0.020769391741071428,0.05405970982142857
42,0.4964466000003135,0.48040955608995706,0.8309722173821011,0.8343815513626834,0.8361692392983944,2.6867666130974177,0.27091727716727715,0.2857142857142857,0.29225137301605647,0.041895964360587006,0.02644469246031746,0.032916502882599584,0.09165458759171907,0.021083286830357144,0.055074055989583336
43,0.48157195287680477,0.46596752822524096,0.8412584427846056,0.8427672955974843,0.8475366181969767,2.640807583218529,0.296104242979243,0.30952380952380953,0.32226385265171437,0.04119715234102027,0.025669642857142856,0.03306390854297694,0.0926219372379455,0.02122860863095238,0.056117466517857144
44,0.4576318905038654,0.4490205524977398,0.8491116845041263,0.8511530398322851,0.8531194883555481,2.5079550743103027,0.3344474969474969,0.34523809523809523,0.36108756893070626,0.04053109713487072,0.024057539682539684,0.033252260220125784,0.0935411753144654,0.021336146763392856,0.05658830915178571
45,0.4461336497615718,0.4369661410024831,0.845279760614063,0.8469601677148847,0.8498264319928293,2.482938528060913,0.2965010683760684,0.31547619047619047,0.31191917956257187,0.0402690426275332,0.024367559523809524,0.033446753799790355,0.09490774862421383,0.02153378441220238,0.05759974888392857
46,0.4333092372872295,0.4217067101591538,0.8504228733153151,0.8511530398322851,0.8552133341607169,2.480285417465937,0.28534035409035413,0.30357142857142855,0.2980449945645738,0.04029088050314465,0.023840525793650792,0.033711879258385744,0.09654968389675052,0.021763392857142856,0.058925083705357144
47,0.421211266292716,0.4120929448609582,0.8478445407951223,0.8511530398322851,0.8512955180527731,2.5848405815306164,0.2930898962148962,0.30952380952380953,0.3158613779303434,0.04065120545073375,0.02433655753968254,0.034186853052935014,0.09856832252358491,0.022103445870535716,0.060587565104166664
48,0.40987227622817896,0.4019468109937584,0.8568636224886225,0.859538784067086,0.861975549990099,2.616387435368129,0.2873740842490842,0.30357142857142855,0.30976431127330367,0.04096785464709993,0.024708581349206348,0.03460757337526205,0.09991237552410902,0.022420247395833332,0.06166294642857143
49,0.39815598070246616,0.3955497849787306,0.8581307661976266,0.859538784067086,0.8624999647285554,2.5655146780468168,0.29407051282051283,0.30952380952380953,0.3138972621878638,0.04143736897274633,0.02449156746031746,0.0349238813548218,0.10106910049790356,0.022629510788690476,0.062465122767857144
50,0.3907076267826232,0.3837789070931121,0.8620067351898747,0.8637316561844863,0.8675023169405266,2.5311401798611595,0.3104395604395604,0.3273809523809524,0.32941834643642637,0.04143736897274633,0.024615575396825396,0.035252473139412994,0.10243157920597484,0.022783551897321428,0.06331961495535714
51,0.38488733393591157,0.37476643691897643,0.8697146280721862,0.8721174004192872,0.8758706727632243,2.51551654225304,0.3049336080586081,0.32142857142857145,0.3239075458104102,0.041481044723969254,0.024615575396825396,0.03581343356918239,0.10460683634696016,0.023141043526785716,0.0646943591889881
52,0.36929402929931815,0.35440122122159795,0.8742173927493694,0.8784067085953878,0.8827170630039092,2.5036747569129583,0.3057387057387057,0.32142857142857145,0.3255437344317827,0.0420051537386443,0.024584573412698412,0.03662007009958071,0.10712501637840671,0.02373105003720238,0.06660679408482142
53,0.35211850812100265,0.34208287873483056,0.8800753913399261,0.8846960167714885,0.8869052305022279,2.603840532756987,0.31580815018315017,0.3333333333333333,0.3333782460488109,0.042955101327742835,0.026320684523809524,0.03718512513102725,0.10929310796645703,0.024167015438988096,0.06846400669642858
54,0.3388313791661892,0.32258281952055246,0.887068398332933,0.8909853249475891,0.8928091885843648,2.6472270829336986,0.3212530525030525,0.3392857142857143,0.34168570179726365,0.04386137316561845,0.027715773809523808,0.03799892721436059,0.1124254782494759,0.02475702194940476,0.0708036876860119
55,0.3151127628560336,0.2969382731419689,0.9012305927276857,0.9035639412997903,0.905873985074917,2.6156941254933677,0.32130265567765565,0.3392857142857143,0.33837369492352626,0.04468029350104822,0.02914186507936508,0.038813752948113206,0.11548414570230608,0.025259835379464284,0.07277425130208333
56,0.29729231492278463,0.27676178799235346,0.9082676448228774,0.909853249475891,0.9111008864527165,2.6967467012859525,0.3163919413919414,0.3333333333333333,0.32608522873425055,0.045772187281621246,0.030536954365079364,0.03959786916928721,0.11815894424790356,0.025823683965773808,0.07496570405505952
57,0.27687711670088816,0.26197153717216953,0.9114748704138239,0.9119496855345912,0.9123872892904981,2.7921829223632812,0.3284073565323565,0.3392857142857143,0.34075467211354765,0.04686408106219427,0.031187996031746032,0.04053758025419287,0.12096886464884696,0.026425316220238096,0.07728794642857142
58,0.2578062363890482,0.23655883172835443,0.9250869043746951,0.9266247379454927,0.9271277888934645,2.701629877090454,0.33917124542124544,0.35119047619047616,0.3564260468265979,0.04785770440251572,0.031684027777777776,0.04133909853249476,0.12357098401467505,0.02701532273065476,0.0792875744047619
59,0.23122736661689086,0.21472599491695687,0.9250407618866922,0.9266247379454927,0.9277078112814147,2.6594904377346946,0.31530067155067154,0.3333333333333333,0.330937879155446,0.04805424528301887,0.030970982142857144,0.04190210626310273,0.1250092128537736,0.02742803664434524,0.08074951171875
60,0.2108869731613675,0.19894211473767362,0.9399199395565675,0.9412997903563941,0.9421258148948072,2.4946307908921015,0.3570283882783883,0.375,0.36960035994417234,0.048512840670859536,0.031218998015873016,0.04271693199685535,0.12653752292976939,0.02794247581845238,0.08177257719494048
61,0.1981784730712323,0.18517457679757532,0.9379819550604435,0.939203354297694,0.9398162057645569,2.4200945922306607,0.355479242979243,0.375,0.36932017191018257,0.049746680642907055,0.03180803571428571,0.0434171088836478,0.1287219929245283,0.028462727864583332,0.08348156156994048
62,0.18060455604044395,0.18234826568162665,0.9399199395565675,0.9412997903563941,0.9429896451793102,2.419071469988142,0.3758050976800977,0.39880952380952384,0.3865101015663463,0.050762141858839975,0.03382316468253968,0.04397090376048218,0.13055227987421383,0.028910319010416668,0.0854463123139881
63,0.18008157623388982,0.16351847434943578,0.9457338930449396,0.9475890985324947,0.947663417978991,2.4940056914374944,0.3862217643467644,0.39285714285714285,0.4031828896412229,0.05157014325646401,0.035497271825396824,0.044615803524633124,0.13205397503930819,0.02927362351190476,0.08650425502232142
64,0.16472686363278694,0.1493071474181781,0.9502760442077304,0.9517819706498952,0.9514975382158419,2.5308618318466913,0.3926320207570208,0.39880952380952384,0.4094021369984104,0.05181035988819008,0.03562127976190476,0.04518802410901467,0.13351472418763102,0.02968633742559524,0.0879487537202381
65,0.16295824248335897,0.14502715206933472,0.9508770057461918,0.9517819706498952,0.9525450593186369,2.5696143876938593,0.3810744810744811,0.3869047619047619,0.39142462120681737,0.051362683438155136,0.03577628968253968,0.04566197425314465,0.13453632730607967,0.03006708054315476,0.08897763206845238
66,0.14304530436262894,0.14383813684154106,0.9528149902423159,0.9538784067085954,0.9540427559476266,2.665197940099807,0.36709783272283275,0.375,0.3889867727131353,0.05197414395527603,0.036303323412698416,0.04636010383909853,0.13573911654874213,0.030473981584821428,0.08968970889136904
67,0.14215054242740888,0.13889205082470016,0.9566909592345639,0.9580712788259959,0.9581837535297263,2.728292669568743,0.3934256715506716,0.40476190476190477,0.41348217005046767,0.05194138714185884,0.03555927579365079,0.04688114190251572,0.1376246806210692,0.030808221726190476,0.09110804966517858
68,0.13793784386206973,0.13001013843955733,0.9573571414051066,0.9580712788259959,0.9585045765610886,2.7101378667922247,0.4086538461538462,0.4166666666666667,0.4320852963421942,0.05157014325646401,0.03586929563492063,0.04738989616090147,0.1395921367269392,0.031244187127976192,0.09241303943452381
69,0.12819860959952734,0.12025519441696084,0.9645835874396921,0.9643605870020965,0.9650406195300802,2.6813964389619374,0.3945169413919414,0.39880952380952384,0.41164276020329527,0.051340845562543674,0.035962301587301584,0.04769699128668763,0.14108666633909853,0.031558082217261904,0.0936279296875
70,0.11557705884709549,0.11152033963918186,0.962645602943568,0.9622641509433962,0.963174436922912,2.6266013440631686,0.42280219780219785,0.42857142857142855,0.4351543676691136,0.0513845213137666,0.036117311507936505,0.048080860193920334,0.1423539455581761,0.031796409970238096,0.09453183128720238
71,0.10925214609572473,0.10707306722081432,0.9665215719358161,0.9664570230607966,0.9670382811954527,2.628624473299299,0.4223443223443224,0.42857142857142855,0.43432618494306396,0.051854035639412994,0.036613343253968256,0.04849646226415094,0.1430264838836478,0.03202601841517857,0.09506661551339286
72,0.10611694223350948,0.10572232416122214,0.9665215719358161,0.9664570230607966,0.9663516302607507,2.6584256376538957,0.4045367826617827,0.4107142857142857,0.4247157640002445,0.052574685534591194,0.037388392857142856,0.04888340212264151,0.14352704893867924,0.03231956845238095,0.09581356956845238
73,0.10590533943421186,0.10045968328819335,0.9684595564319401,0.9685534591194969,0.9691007027387228,2.6466389156523205,0.3925213675213675,0.39880952380952384,0.41438828918329934,0.053437281621243886,0.03772941468253968,0.04936042321802935,0.1448260613207547,0.03270612444196429,0.09703717912946429
74,0.10459744945886999,0.09418309656454082,0.976206835799859,0.9748427672955975,0.9757634997672872,2.6260838168007985,0.42171092796092796,0.42857142857142855,0.4387863706491157,0.05329533542976939,0.037140376984126984,0.04982823145964361,0.1466757976284067,0.03309558686755952,0.09871709914434523
75,0.09527165589530014,0.08780486506860961,0.9762508809020437,0.9748427672955975,0.9758080511350142,2.6256508032480874,0.41278235653235656,0.42857142857142855,0.4230632856790499,0.052924091544374566,0.03726438492063492,0.05025509368448637,0.14864427738469602,0.03339204334077381,0.10000465029761904
76,0.0857724443827785,0.07830027518969662,0.978144820295983,0.9769392033542977,0.9777025699690113,2.652091139838809,0.3952113858363859,0.40476190476190477,0.4094347012588549,0.05318614605171209,0.03813244047619048,0.0508293615697065,0.15058511857966456,0.03382800874255952,0.1016845703125
77,0.0727693800593822,0.07109984936704175,0.9839587737843551,0.9832285115303984,0.9835329659636031,2.7603533267974854,0.4108363858363859,0.4166666666666667,0.41836659823005246,0.05438722921034242,0.03896949404761905,0.051390321999475894,0.1520724826388889,0.03426978701636905,0.1030854724702381
78,0.06754648694827121,0.06256192759366655,0.9841041226215644,0.9832285115303984,0.9836391538827384,2.7652029537019276,0.3926320207570208,0.40476190476190477,0.40152974161180155,0.05522798742138365,0.03921750992063492,0.05188167420073375,0.15374000917190775,0.03465924944196429,0.10442243303571429
79,0.06298293616130667,0.0573539181262942,0.9841041226215644,0.9832285115303984,0.9836375052520911,2.7625477654593333,0.4017971611721612,0.4107142857142857,0.40691803823556255,0.05576301537386443,0.040829613095238096,0.052438540028825996,0.1552191840277778,0.03499639601934524,0.10573904854910714
80,0.0561208624853528,0.05376156168819973,0.9841041226215644,0.9832285115303984,0.9836590126035434,2.79811616170974,0.3861721611721612,0.39880952380952384,0.39748353545658427,0.056057826694619145,0.03993055555555555,0.05293501048218029,0.15678741647012578,0.035458519345238096,0.10725620814732142
81,0.051827914362667864,0.04892857819483215,0.9859980620155039,0.9853249475890985,0.9855958272890257,2.7606748739878335,0.3777014652014652,0.39285714285714285,0.38765414866799647,0.05562106918238994,0.04017857142857143,0.05331785573899371,0.15862589262316562,0.035754975818452384,0.10867454892113096
82,0.049522045781090075,0.05094623030700274,0.9879360465116278,0.9874213836477987,0.987538727612257,2.7659004075186595,0.3818681318681319,0.39880952380952384,0.39816321726119136,0.055664744933612856,0.04030257936507937,0.053566602790880505,0.15933323506289307,0.03587413969494048,0.10901460193452381
83,0.048423611572640995,0.04658179915269966,0.9879360465116278,0.9874213836477987,0.987538727612257,2.7633523713974726,0.3665903540903541,0.38095238095238093,0.3826236531237646,0.055217068483577915,0.03931051587301587,0.053922833136792456,0.1603886186451782,0.03612409319196429,0.11000569661458333
84,0.04670730523327737,0.04588153401479531,0.9879360465116278,0.9874213836477987,0.987538727612257,2.722863719576881,0.3780372405372405,0.3869047619047619,0.39169917387628383,0.05450733752620545,0.03875248015873016,0.054211502555031446,0.16128840736373165,0.036417643229166664,0.1109037853422619
85,0.046270440108058836,0.044003181667135446,0.9879360465116278,0.9874213836477987,0.987538727612257,2.728526546841576,0.37654914529914535,0.3869047619047619,0.3863597054054215,0.05429987770789658,0.03896949404761905,0.05458206400681342,0.16235300379979037,0.03665887741815476,0.11170886811755952
86,0.043515089087078906,0.042426987717111654,0.9879360465116278,0.9874213836477987,0.987538727612257,2.6814178285144625,0.3884539072039072,0.39880952380952384,0.3974215994209154,0.05436539133473096,0.038473462301587304,0.05493931800314465,0.16339200897536688,0.03690883091517857,0.1125517345610119
87,0.04196217382010424,0.04270914003284222,0.9879360465116278,0.9874213836477987,0.9875566116027512,2.6964239392961775,0.36538843101343105,0.375,0.37658586631229607,0.054430904961565336,0.038566468253968256,0.05522286916928721,0.1640143884302935,0.037121000744047616,0.11322893415178571
88,0.042626550050151674,0.04121199008116432,0.9879360465116278,0.9874213836477987,0.9875566116027512,2.700099513644264,0.3772931929181929,0.3869047619047619,0.386779981488476,0.054671121593291405,0.03844246031746032,0.05545626146488469,0.16468999770702306,0.03731573195684524,0.11373174758184523
89,0.04111268878982752,0.040155553085186695,0.9879360465116278,0.9874213836477987,0.987538727612257,2.7177560329437256,0.3825015262515263,0.39880952380952384,0.3901903108074216,0.0548130677847659,0.03915550595238095,0.05562618743448637,0.1651997756158281,0.03743780226934524,0.11421130952380952
90,0.04011155190961572,0.03952664984253468,0.9879360465116278,0.9874213836477987,0.987538727612257,2.7046114717211043,0.37580509768009773,0.3869047619047619,0.39275141385848555,0.05468204053109713,0.03915550595238095,0.05580123165618449,0.1657443576388889,0.03758312406994048,0.11465599423363096
91,0.0402574126200606,0.039473545040536975,0.9879360465116278,0.9874213836477987,0.987538727612257,2.7627111957186745,0.35943605006105006,0.375,0.37480212851056843,0.054823986722571626,0.039558531746031744,0.05594249541404612,0.16608216227725367,0.037684849330357144,0.11495826357886904
92,0.03953055197868957,0.03767685952207827,0.989874031007752,0.989517819706499,0.9895182008361457,2.7035942531767345,0.3482753357753358,0.3630952380952381,0.36723473854195726,0.05472571628232006,0.039558531746031744,0.05606840441561845,0.16654075766509435,0.03782726469494048,0.11560639880952381
93,0.037645210439741485,0.03924721477853927,0.9879360465116278,0.9874213836477987,0.987538727612257,2.714469489597139,0.36499160561660565,0.38095238095238093,0.38057238252890424,0.054758473095737246,0.03962053571428571,0.05620557357180293,0.16686320754716982,0.03789411272321429,0.1160859607514881
94,0.03881050055198356,0.03900159206592812,0.9879360465116278,0.9874213836477987,0.9875574165224202,2.7070806253524053,0.3709439865689866,0.3869047619047619,0.38360040158066666,0.05488950034940601,0.03937251984126984,0.05629053655660377,0.16722660344601678,0.03798130580357143,0.11640566871279762
95,0.03899121297956825,0.03367976427656175,0.989874031007752,0.989517819706499,0.9895613658267557,2.7931764466421947,0.34936660561660565,0.36904761904761907,0.3582335598816329,0.0552825821104123,0.03989955357142857,0.05635297923218029,0.16717542092505241,0.03799583798363095,0.11623709542410714
96,0.03378261289162956,0.03454918468632663,0.989874031007752,0.989517819706499,0.9895613658267557,2.781427565075102,0.3653388278388279,0.38095238095238093,0.3760534614301873,0.05535901467505241,0.040116567460317464,0.0564164455581761,0.16719589393343814,0.03805687313988095,0.1162690662202381
97,0.03439446070096778,0.03367675558529185,0.989874031007752,0.989517819706499,0.9895613658267557,2.7704693589891707,0.3712912087912088,0.3869047619047619,0.380441624116886,0.05538085255066387,0.04033358134920635,0.05657408772274633,0.16742314432651992,0.03818475632440476,0.11667306082589286
98,0.03348122462845042,0.03243776278441432,0.989874031007752,0.989517819706499,0.9895182008361457,2.771240711212158,0.370199938949939,0.38095238095238093,0.3833426290245964,0.05526074423480084,0.04014756944444445,0.05675117924528302,0.1677353577044025,0.03830101376488095,0.11689685639880952
99,0.032379990533400384,0.03232278997387027,0.989874031007752,0.989517819706499,0.9895182008361457,2.737435953957694,0.37615231990231995,0.3869047619047619,0.389598790042502,0.05531533892382949,0.040054563492063495,0.05689346665356394,0.1679144965277778,0.03838239397321429,0.11710321335565477
100,0.03233961528264751,0.03225206421684294,0.989874031007752,0.989517819706499,0.9895182008361457,2.765338046210153,0.37615231990231995,0.3869047619047619,0.38840147203483916,0.05523890635918938,0.03999255952380952,0.05702551755765199,0.16803426362683438,0.038487025669642856,0.11726888020833333
101,0.0322129598719144,0.03226444654682147,0.989874031007752,0.989517819706499,0.9895182008361457,2.7265906560988653,0.3873130341880342,0.39880952380952384,0.3961132691979466,0.05556647449336129,0.04045758928571429,0.05713300085167715,0.1680393818789308,0.03855968656994048,0.11737932477678571
102,0.03223714109830386,0.032078309792954965,0.989874031007752,0.989517819706499,0.9895182008361457,2.7311495826357888,0.38175747863247866,0.39285714285714285,0.3873244859679133,0.05555555555555555,0.040581597222222224,0.057244578747379454,0.1680004831629979,0.038655598958333336,0.11733282180059523
103,0.03209993818021171,0.031983941348281295,0.989874031007752,0.989517819706499,0.9895182008361457,2.779838891256423,0.38136065323565327,0.39285714285714285,0.3878621203765154,0.05555555555555555,0.04061259920634921,0.0573530856918239,0.16819497674266248,0.038731166294642856,0.11750430152529762
104,0.03216787819717415,0.031828084476370234,0.989874031007752,0.989517819706499,0.9895182008361457,2.7307439758664085,0.3988209706959707,0.4107142857142857,0.40271395833600526,0.05559923130677848,0.04045758928571429,0.05742985947327044,0.16826765592243187,0.03877185639880952,0.11771647135416667
105,0.03185350254209286,0.03195643308621283,0.989874031007752,0.989517819706499,0.9895182008361457,2.7584476470947266,0.39286858974358974,0.40476190476190477,0.40107029090442037,0.05580669112508735,0.04107762896825397,0.05754450832023061,0.16835466620807127,0.03884161086309524,0.11771647135416667
106,0.030365380210571568,0.029970476372593105,0.989874031007752,0.989517819706499,0.9895613658267557,2.8096692448570613,0.39286858974358974,0.40476190476190477,0.3984486171555137,0.055872204751921735,0.04172867063492063,0.05767041732180293,0.16856963279612158,0.038998558407738096,0.11806233723958333
107,0.029988495598838077,0.029742745897367567,0.989874031007752,0.989517819706499,0.9895613658267557,2.7993409633636475,0.39286858974358974,0.40476190476190477,0.4001073874434158,0.055904961565338925,0.0417906746031746,0.05780758647798742,0.1690159443789308,0.03913225446428571,0.11843145461309523
108,0.029590354306892778,0.02961767255572653,0.989874031007752,0.989517819706499,0.9895613658267557,2.8071327095939997,0.38245192307692305,0.39880952380952384,0.3889198302881168,0.05615609713487072,0.04172867063492063,0.057928377227463315,0.1693455598139413,0.03924560546875,0.11876569475446429
109,0.029690202466159495,0.02963808151957749,0.989874031007752,0.989517819706499,0.9895613658267557,2.8310230118887767,0.37724358974358974,0.39285714285714285,0.3849506513189378,0.05612334032145353,0.04188368055555555,0.05803483687106918,0.16969155365566038,0.039388020833333336,0.11906796409970238
110,0.02962950371846213,0.02953402864779941,0.989874031007752,0.989517819706499,0.9895613658267557,2.8753754524957564,0.3712912087912088,0.3869047619047619,0.377506775948281,0.05636355695317959,0.04225570436507937,0.058112634302935014,0.16990754389413,0.039425804501488096,0.11915806361607142
111,0.029555272662414693,0.029236561253635638,0.989874031007752,0.989517819706499,0.9895613658267557,2.863959176199777,0.3829097985347985,0.39285714285714285,0.3895198313977006,0.056057826694619145,0.041666666666666664,0.058117752555031446,0.17029755470387842,0.03941417875744048,0.11951264880952381
112,0.029283614981474367,0.029120197422037086,0.989874031007752,0.989517819706499,0.9895613658267557,2.8953600838070823,0.3777014652014652,0.3869047619047619,0.38495851142221255,0.05577393431167016,0.04154265873015873,0.058126965408805034,0.17074181898584906,0.03939092726934524,0.11980329241071429
113,0.02918076540189219,0.029040553460612236,0.989874031007752,0.989517819706499,0.9895613658267557,2.8903135799226307,0.3672847985347985,0.38095238095238093,0.3691900149432045,0.05568658280922432,0.041511656746031744,0.05815665127096436,0.17117482311320756,0.039379301525297616,0.1201811290922619
114,0.029030331619380654,0.02898354284793326,0.989874031007752,0.989517819706499,0.9895613658267557,2.899710802804856,0.36682692307692305,0.38095238095238093,0.37118114656814355,0.0552825821104123,0.04110863095238095,0.058206810141509434,0.17147987093815514,0.03939964657738095,0.12051827566964286
115,0.028941393225596322,0.029052740396381175,0.989874031007752,0.989517819706499,0.9895613658267557,2.893712952023461,0.37844551282051286,0.39285714285714285,0.3839422173109823,0.05516247379454926,0.04095362103174603,0.05827948932127883,0.17174704369758909,0.039454868861607144,0.12068975539434523
116,0.029019227981629862,0.02898993179889345,0.989874031007752,0.989517819706499,0.9895613658267557,2.890401840209961,0.3608745421245421,0.375,0.3664223787658974,0.055151554856743536,0.04076760912698413,0.05835523945230608,0.17198248329402516,0.03948102678571429,0.120849609375
117,0.029025864074752515,0.028895419098796084,0.989874031007752,0.989517819706499,0.9895613658267557,2.8814435799916587,0.36682692307692305,0.38095238095238093,0.37220161337808394,0.05524982529699511,0.04092261904761905,0.05840642197327044,0.17219335528039834,0.039515904017857144,0.12093970889136904
118,0.028893547230234184,0.02865231272606355,0.989874031007752,0.989517819706499,0.9895613658267557,2.881726071948097,0.3612713675213675,0.375,0.3695144526140319,0.05523890635918938,0.04095362103174603,0.05846681734800838,0.17239706171383648,0.039562406994047616,0.12115478515625
119,0.028674933169060533,0.028675725589851913,0.989874031007752,0.989517819706499,0.9895613658267557,2.87238757950919,0.372779304029304,0.3869047619047619,0.37872939753293006,0.05527166317260657,0.04107762896825397,0.05853642557651992,0.1725076159591195,0.03959437779017857,0.12141055152529762
120,0.028673451956150668,0.028620735283324053,0.989874031007752,0.989517819706499,0.9895613658267557,2.875109377361479,0.37798763736263735,0.39285714285714285,0.38320290408721996,0.05535901467505241,0.04117063492063492,0.05860398650419287,0.1726990385875262,0.03967866443452381,0.12156459263392858
121,0.028602826276762836,0.028601947168290492,0.989874031007752,0.989517819706499,0.9895613658267557,2.896972906021845,0.37798763736263735,0.39285714285714285,0.38480157351850536,0.055096960167714884,0.04107762896825397,0.058690996789832285,0.1728126637840671,0.039736793154761904,0.12173897879464286
122,0.02857950850696434,0.02854959529275914,0.989874031007752,0.989517819706499,0.9895613658267557,2.8751732167743502,0.38319597069597067,0.39880952380952384,0.38805594271767435,0.05510787910552061,0.04092261904761905,0.05878107802672956,0.17295597484276728,0.03976585751488095,0.12177966889880952
123,0.027020363156650552,0.025943816938209085,0.9918120155038759,0.9916142557651991,0.9914993503228797,2.8784386544000533,0.38319597069597067,0.39880952380952384,0.38813658103360676,0.055151554856743536,0.040891617063492064,0.05886092275943396,0.1731064514544025,0.039797828311011904,0.12180582682291667
124,0.025932683730478433,0.025878355914504273,0.9918120155038759,0.9916142557651991,0.9914993503228797,2.90396447408767,0.37798763736263735,0.39285714285714285,0.3829199284848772,0.05526074423480084,0.041201636904761904,0.05895509859800838,0.17325385711477986,0.03986176990327381,0.12205287388392858
125,0.025874664715102694,0.02594379170463895,0.9918120155038759,0.9916142557651991,0.9914993503228797,2.8907274518694197,0.388404304029304,0.40476190476190477,0.3911788949268093,0.055457285115303984,0.04132564484126984,0.05903801428197065,0.17352205352463312,0.039890834263392856,0.12215750558035714
126,0.025952002088260102,0.02580213257789112,0.9918120155038759,0.9916142557651991,0.9914993503228797,2.94502101625715,0.3720848595848596,0.3869047619047619,0.3729939260818329,0.05571933962264151,0.04132564484126984,0.05911888266509434,0.17374725661687632,0.039957682291666664,0.12244814918154762
127,0.026500537866566417,0.026019200264814014,0.9918120155038759,0.9916142557651991,0.9914993503228797,2.8933468092055548,0.39326541514041513,0.40476190476190477,0.39736119070340825,0.05598139412997904,0.04138764880952381,0.05909329140461216,0.17387930752096437,0.039966401599702384,0.12273297991071429
128,0.02643417581755754,0.026260810211082175,0.9918120155038759,0.9916142557651991,0.9914993503228797,2.8357272488730296,0.3936126373626374,0.4107142857142857,0.3954479219781501,0.05607966457023061,0.04210069444444445,0.058899821475366876,0.17390387513102726,0.03984723772321429,0.12250627790178571
129,0.026826845167645993,0.02668548262125541,0.9918120155038759,0.9916142557651991,0.9914993503228797,2.904466220310756,0.3712912087912088,0.3869047619047619,0.3682719878055434,0.05676755765199162,0.04312375992063492,0.058786196278825996,0.17349134401205452,0.03977748325892857,0.1221342540922619
130,0.026603387698015703,0.026314082498851563,0.9918120155038759,0.9916142557651991,0.9915897717616158,2.9838155451275052,0.3720352564102564,0.3869047619047619,0.3693414841659605,0.05692042278127184,0.043712797619047616,0.05886399371069182,0.17351181702044025,0.03982398623511905,0.1220703125
131,0.026597893339985947,0.02607032979215716,0.9918120155038759,0.9916142557651991,0.9915897717616158,2.993129469099499,0.3817078754578755,0.39880952380952384,0.3814586078442308,0.05642907058001398,0.043309771825396824,0.05893155463836478,0.1742703419811321,0.03988502139136905,0.12296258835565477
132,0.026293401338894164,0.02607528623623043,0.9918120155038759,0.9916142557651991,0.9915897717616158,2.923734426498413,0.3869162087912088,0.39880952380952384,0.39027082143762293,0.055784853249475894,0.04312375992063492,0.05908714950209644,0.17551305359014674,0.03996058872767857,0.12363106863839286
133,0.026259740225900458,0.028527365712374762,0.9918120155038759,0.9916142557651991,0.9915897717616158,2.7816595349993025,0.409981684981685,0.4166666666666667,0.41851722386541373,0.05617793501048218,0.04256572420634921,0.059245815317085955,0.1759173955057652,0.0400390625,0.12391008649553571
134,0.027021192443758186,0.017656328707183682,0.9959786821705426,0.9958071278825996,0.9957717730663219,2.841264702024914,0.4114697802197802,0.4226190476190476,0.41687041719506035,0.05785945143256464,0.042782738095238096,0.05936455876572327,0.1749817790225367,0.04019310360863095,0.12342471168154762
135,0.021414074531328754,0.01749759328315343,0.998062015503876,0.9979035639412998,0.9979084967320261,2.9651787735167003,0.40030906593406596,0.4107142857142857,0.40564002935858534,0.06159372816212439,0.04631696428571429,0.059411646685010484,0.1719067331629979,0.04023960658482143,0.12065778459821429
136,0.016475807924206276,0.012973581704328645,0.998062015503876,0.9979035639412998,0.9979084967320261,2.7172321478525796,0.4234851953601954,0.42857142857142855,0.4306876718097426,0.06033805031446541,0.04575892857142857,0.05919565644654088,0.1699925068789308,0.04011753627232143,0.11932954334077381
137,0.01221200758181278,0.018631103270896076,0.9959786821705426,0.9958071278825996,0.9957717730663219,2.6250366824013844,0.423385989010989,0.42857142857142855,0.43676470810028234,0.05874388539482879,0.044952876984126984,0.05901139937106918,0.16944383025419288,0.03989374069940476,0.11905633835565477
138,0.020922748270430905,0.012653061346906537,0.998062015503876,0.9979035639412998,0.9979084967320261,2.694182588940575,0.42332493894993894,0.42857142857142855,0.43177398787520205,0.058034154437456326,0.04405381944444445,0.058349097549790355,0.16837206826519915,0.039431617373511904,0.11820765904017858
139,0.024227955985806522,0.03816996869754116,0.9906666505503715,0.9916142557651991,0.9911409283131466,2.7810266131446477,0.412263431013431,0.4226190476190476,0.41594872349460776,0.062216107617051014,0.04594494047619048,0.05722308208857442,0.16443203780136267,0.03860618954613095,0.11528378441220238
140,0.04949941276816702,0.05511004245006313,0.9764492936004564,0.9748427672955975,0.9762390111010443,2.835236765089489,0.3905105311355311,0.39880952380952384,0.4060462499353994,0.06753363032844165,0.048859126984126984,0.05623628308438155,0.16058515952568134,0.03778657459077381,0.11259533110119048
141,0.03530419884206614,0.03805230839463025,0.9958097632516237,0.9958071278825996,0.99583102600287,2.89236923626491,0.39257097069597074,0.40476190476190477,0.3933957558364902,0.06609233053808526,0.052238343253968256,0.055860603380503145,0.15935473172169812,0.03766450427827381,0.11136590866815477
142,0.04520954285402718,0.024255790710605414,0.9961680761099366,0.9958071278825996,0.9959218357415338,3.0182214237394787,0.3886027167277167,0.39880952380952384,0.3783980462637338,0.06447632774283718,0.04985119047619048,0.0554316938548218,0.15578935731132076,0.03728376116071429,0.10860188802083333
143,0.02723373592962009,0.01840068150381997,0.998062015503876,0.9979035639412998,0.9979084967320261,2.9819056533631825,0.38295940170940174,0.39880952380952384,0.3989592116334995,0.061135132774283715,0.04640997023809524,0.05466497969077568,0.15558872182914046,0.03671991257440476,0.10816010974702381
144,0.020049001621297195,0.03271398757363765,0.9959786821705426,0.9958071278825996,0.9960705715283168,3.0184938453492665,0.3802693833943834,0.39880952380952384,0.3915419170176418,0.05956280573025856,0.047061011904761904,0.054301583791928724,0.1560411753144654,0.036501929873511904,0.10853213355654762
145,0.031099946702785587,0.019391194562890433,0.9941860465116279,0.9937106918238994,0.9940684487980782,2.9104156380607966,0.3825015262515263,0.39880952380952384,0.3817921772485821,0.059846698113207544,0.047867063492063495,0.05400370151991614,0.15494894031708595,0.03632173084077381,0.10763695126488096
146,0.020486276604594424,0.012735614489150903,0.998062015503876,0.9979035639412998,0.9979084967320261,2.8565937678019204,0.3867788461538461,0.40476190476190477,0.395428735822474,0.05656009783368274,0.041604662698412696,0.05365975497903564,0.1566512709643606,0.03616478329613095,0.1085786365327381
147,0.025169865124755435,0.03584639214963283,0.9938953488372094,0.9937106918238994,0.9937535436622298,2.8598182314918157,0.38128434065934064,0.39880952380952384,0.3843819046347199,0.05417976939203354,0.03875248015873016,0.05359628865303983,0.15975395538522014,0.03604271298363095,0.11087762741815477
148,0.02775958779051244,0.01552773161305103,0.998062015503876,0.9979035639412998,0.998061753437007,2.7624222664606,0.4166781135531136,0.43452380952380953,0.4277137443317773,0.054758473095737246,0.03782242063492063,0.05366692053197065,0.16130273846960166,0.03603399367559524,0.11173211960565477
149,0.01964118025525311,0.025516817139254674,0.9941839491258095,0.9937106918238994,0.9939599652711464,2.7061697869073775,0.4347069597069597,0.44642857142857145,0.4421602159526011,0.05651642208245982,0.04055059523809524,0.05346526139937107,0.15831163194444445,0.03599330357142857,0.1094970703125
150,0.029928143341211404,0.014412247958501306,0.998062015503876,0.9979035639412998,0.9979084967320261,2.641066210610526,0.4353136446886447,0.44642857142857145,0.4349144642449474,0.05982486023759609,0.04436383928571429,0.05319399403825996,0.15638205090408805,0.035792759486607144,0.10834902808779762
151,0.034628916563040554,0.018403612741071974,0.998062015503876,0.9979035639412998,0.9979084967320261,2.8726527917952764,0.4331578144078145,0.44642857142857145,0.4336231175320804,0.06102594339622641,0.049727182539682536,0.05251531381027254,0.15584668173480085,0.03537713913690476,0.10791887555803571
152,0.023818154575252434,0.029592586714438547,0.9961240310077519,0.9958071278825996,0.9956460532931121,2.9380705697195872,0.4057654151404151,0.4166666666666667,0.4037067534715384,0.06061102375960867,0.05009920634920635,0.05208128603249476,0.15526115369496854,0.03514171781994048,0.10769507998511904
153,0.03519246869952861,0.020327683477672265,0.9961240310077519,0.9958071278825996,0.9958462332301341,2.970716045016334,0.3950396825396825,0.40476190476190477,0.39593398448832856,0.058481830887491267,0.04665798611111111,0.05169536982442348,0.1550482344077568,0.034885951450892856,0.10771833147321429
154,0.021209043862622238,0.018205107588016387,0.998062015503876,0.9979035639412998,0.9979084967320261,2.9233283542451405,0.39237255799755805,0.40476190476190477,0.38529015017976415,0.05678939552760307,0.04358878968253968,0.051546940513626835,0.1557207727332285,0.034839448474702384,0.10783749534970238
155,0.021868327800457832,0.016617096587625065,0.998062015503876,0.9979035639412998,0.9979084967320261,2.8080739293779646,0.4154380341880342,0.42857142857142855,0.4076770301101064,0.0562216107617051,0.041139632936507936,0.05148654513888889,0.15655811877620546,0.03483363560267857,0.10838971819196429
156,0.016128002617125492,0.015220798825380437,0.998062015503876,0.9979035639412998,0.9979084967320261,2.712397405079433,0.4251106532356532,0.43452380952380953,0.4253035598623834,0.0574117749825297,0.04092261904761905,0.05144969372379455,0.15671166633909853,0.034769694010416664,0.10835193452380952
157,0.014895787482116707,0.018834368167620786,0.998062015503876,0.9979035639412998,0.9979084967320261,2.7478291988372803,0.4205471611721612,0.42857142857142855,0.42576731440143484,0.058459993011879804,0.04296875,0.051404653105345914,0.15636976709905662,0.034810384114583336,0.10811941964285714
158,0.01498291024887462,0.011841561498835028,0.998062015503876,0.9979035639412998,0.9979084967320261,2.8482488904680525,0.4212912087912088,0.42857142857142855,0.42459124889271943,0.057258909853249475,0.043247767857142856,0.0512777204533543,0.15586613109276728,0.03477550688244048,0.10790434337797619
159,0.011132168772472244,0.010181727604862436,0.998062015503876,0.9979035639412998,0.9979084967320261,2.8450087138584683,0.40372023809523805,0.4107142857142857,0.40540199478372313,0.05652734102026555,0.04321676587301587,0.05112212558962264,0.1556091948375262,0.03471156529017857,0.10755847749255952
160,0.01008488971201129,0.010221180408427675,0.998062015503876,0.9979035639412998,0.9979084967320261,2.8659703731536865,0.4078601953601954,0.4166666666666667,0.4103702305260272,0.056298043326345214,0.043092757936507936,0.051156929703878404,0.15556620151991615,0.03469122023809524,0.10732305617559523
161,0.008350407923386281,0.008559457613623835,1.0,1.0,1.0,2.9031424749465216,0.39397130647130646,0.40476190476190477,0.3912709193743677,0.05606874563242488,0.04275173611111111,0.051233703485324945,0.15563478609800838,0.034670875186011904,0.10733177548363096
162,0.008108813621189672,0.008194402398627478,1.0,1.0,1.0,2.93759780838376,0.3999236874236874,0.4107142857142857,0.3958481242816551,0.055970475192173304,0.043247767857142856,0.05131252456761006,0.15588046219863733,0.03470575241815476,0.10748872302827381
163,0.008225056069924552,0.007984214416945225,1.0,1.0,1.0,2.943879309154692,0.4155486874236874,0.42857142857142855,0.4141379312402671,0.05585036687631027,0.04318576388888889,0.05142000786163522,0.15613228020178196,0.03482200985863095,0.10769217354910714
164,0.007859901378645838,0.007721896786574641,1.0,1.0,1.0,2.945993798119681,0.40538003663003663,0.4166666666666667,0.40754086667765255,0.055872204751921735,0.04337177579365079,0.05153977496069182,0.1564823686451782,0.03491792224702381,0.10789562406994048
165,0.0076738441210685284,0.006605328106569356,1.0,1.0,1.0,2.9227796963282993,0.40538003663003663,0.4166666666666667,0.4082041022871248,0.055959556254367576,0.04306175595238095,0.05165749475890985,0.15684985914570232,0.034984770275297616,0.10812523251488096
166,0.0064834745999121065,0.006503031557363378,1.0,1.0,1.0,2.91987977709089,0.41926892551892553,0.42857142857142855,0.4258763754926036,0.055904961565338925,0.043774801587301584,0.051736315841194966,0.15716719077568134,0.03507196335565476,0.10856119791666667
167,0.006933580279112081,0.006933760206435711,1.0,1.0,1.0,2.8972084522247314,0.42621336996336995,0.43452380952380953,0.4335665777870079,0.056025069881201955,0.04399181547619048,0.05179568756551363,0.1574343635351153,0.03515625,0.10893903459821429
168,0.006957828510939231,0.006841184660710348,1.0,1.0,1.0,2.884556838444301,0.42621336996336995,0.43452380952380953,0.432600629518989,0.05592679944095039,0.043774801587301584,0.05185301198899371,0.15771996200209643,0.035205659412202384,0.10927908761160714
169,0.006842518725141539,0.0068176750335803326,1.0,1.0,1.0,2.8590234347752164,0.4257554945054945,0.43452380952380953,0.43109069309525944,0.0558940426275332,0.043464781746031744,0.05194616417714885,0.15794107049266248,0.035257975260416664,0.10960170200892858
170,0.006828387539279286,0.006509847792091953,1.0,1.0,1.0,2.8623838878813244,0.43096382783882786,0.44047619047619047,0.4355741541258342,0.055904961565338925,0.043309771825396824,0.052006559551886794,0.15807312139675053,0.035327729724702384,0.10960170200892858
171,0.006477560032846355,0.0050208635683868475,1.0,1.0,1.0,2.8568509873889743,0.42401938339438344,0.43452380952380953,0.4262951463255722,0.055959556254367576,0.043154761904761904,0.05206593127620545,0.15831265559486374,0.03540620349702381,0.10980805896577381
172,0.005032488816579808,0.004929511579421331,1.0,1.0,1.0,2.82344236828032,0.41760912698412694,0.42857142857142855,0.419816713782231,0.055839447938504545,0.04259672619047619,0.052144752358490566,0.15851022012578617,0.03550502232142857,0.1101713634672619
173,0.0058832976540484205,0.004408162394714243,1.0,1.0,1.0,2.834698109399705,0.417074938949939,0.42857142857142855,0.41896879403187226,0.055839447938504545,0.04210069444444445,0.05225633025419287,0.15891865664308177,0.035595121837797616,0.11040097191220238
174,0.004362350867170864,0.004378839918710994,1.0,1.0,1.0,2.8455513431912376,0.417074938949939,0.42857142857142855,0.41905697745338905,0.05576301537386443,0.04244171626984127,0.0523658608490566,0.15936803917714884,0.035679408482142856,0.11074974423363096
175,0.00431806839947868,0.004239937669326174,1.0,1.0,1.0,2.868124621255057,0.4111225579975581,0.4226190476190476,0.41454125483421816,0.05580669112508735,0.042069692460317464,0.052471296842243186,0.1597314350759958,0.035746256510416664,0.11104329427083333
176,0.004206860240302839,0.004113739819131182,1.0,1.0,1.0,2.8314128035590764,0.4166781135531136,0.42857142857142855,0.41767020099722,0.05579577218728162,0.042007688492063495,0.052556259827044025,0.16006207416142557,0.03582763671875,0.1113310314360119
177,0.004082003340371094,0.004046473537417484,1.0,1.0,1.0,2.8196373667035783,0.41146978021978026,0.4226190476190476,0.4133846339919816,0.05576301537386443,0.042069692460317464,0.05264019916142558,0.16044696671907757,0.03589448474702381,0.11158098493303571
178,0.004003151545918056,0.003930159913282255,1.0,1.0,1.0,2.8265698296683177,0.40626144688644694,0.4166666666666667,0.4063049107142533,0.05581761006289308,0.04210069444444445,0.05273846960167715,0.16085642688679244,0.03595551990327381,0.11182803199404762
179,0.0040888421913995495,0.004063485044326079,1.0,1.0,1.0,2.809322572889782,0.41961614774114775,0.42857142857142855,0.42223832143933065,0.05588312368972746,0.042007688492063495,0.052813196082285116,0.16113793075209643,0.036036900111607144,0.11214773995535714
180,0.0042198408420433915,0.004212398628218088,1.0,1.0,1.0,2.8076171307336715,0.41320589133089136,0.4226190476190476,0.4157941483284909,0.055861285814116,0.041511656746031744,0.05290327731918239,0.16150132665094338,0.03611828031994048,0.11232503255208333
181,0.004242141118499624,0.004169611935357346,1.0,1.0,1.0,2.8113428070431663,0.42482448107448106,0.43452380952380953,0.42788024541458797,0.05580669112508735,0.041821676587301584,0.053007689661949686,0.16195992203878407,0.036173502604166664,0.11263892764136904
182,0.004177994129689219,0.0037416672881739506,1.0,1.0,1.0,2.7985682828085765,0.4166781135531136,0.42857142857142855,0.41718091411244834,0.05591588050314465,0.041914682539682536,0.05309060534591195,0.1622782773191824,0.03621128627232143,0.11286853608630952
183,0.003745744491007718,0.003654263654198552,1.0,1.0,1.0,2.8317843278249106,0.42263049450549456,0.43452380952380953,0.42367874400023764,0.055872204751921735,0.04210069444444445,0.0531745446802935,0.16256899403825995,0.03626941499255952,0.1129731677827381
184,0.003641377771819944,0.003591497579542627,1.0,1.0,1.0,2.8324900354657854,0.4355273199023199,0.44642857142857145,0.43869328202661534,0.055992313067784766,0.04188368055555555,0.053254389412997906,0.16285561615566038,0.036318824404761904,0.11319986979166667
185,0.003584520788072556,0.0036007194946748467,1.0,1.0,1.0,2.8193856193905784,0.4355273199023199,0.44642857142857145,0.4383697878006821,0.05607966457023061,0.04194568452380952,0.05330352463312369,0.1630306603773585,0.03635370163690476,0.1132841564360119
186,0.0035989825697752414,0.003630036989224985,1.0,1.0,1.0,2.8046658493223644,0.44193757631257635,0.4523809523809524,0.44470301354180264,0.05617793501048218,0.04228670634920635,0.05335470715408805,0.16312381256551362,0.03640020461309524,0.1134062267485119
187,0.003626026492858739,0.0033650473211706464,1.0,1.0,1.0,2.8389603069850375,0.44193757631257635,0.4523809523809524,0.4434148797193261,0.056319881201956676,0.042627728174603176,0.05340281872379455,0.16320160999737945,0.03642054966517857,0.11348179408482142
188,0.003354847048989163,0.0033171321509456735,1.0,1.0,1.0,2.842319193340483,0.43031898656898654,0.44047619047619047,0.43058240691068006,0.05640723270440252,0.04250372023809524,0.053434551886792456,0.1632957858359539,0.03643798828125,0.11362420944940477
189,0.003314823793262962,0.0033055611344765035,1.0,1.0,1.0,2.8514605249677385,0.4174221611721612,0.42857142857142855,0.41733259707568826,0.056418151642208245,0.042782738095238096,0.05346935600104822,0.1633592521619497,0.03646995907738095,0.11373756045386904
190,0.0032895133270251426,0.0032848592306266634,1.0,1.0,1.0,2.8515203339712962,0.4174221611721612,0.42857142857142855,0.4168090503705109,0.05659285464709993,0.042844742063492064,0.0535266804245283,0.16356295859538783,0.03650774274553571,0.11394101097470238
191,0.003211075593805257,0.003187286118640949,1.0,1.0,1.0,2.834714208330427,0.4174221611721612,0.42857142857142855,0.41631107340194573,0.05649458420684836,0.042844742063492064,0.05358195754716981,0.16381989485062892,0.036519368489583336,0.11409505208333333
192,0.0032039942870021993,0.003190748651016043,1.0,1.0,1.0,2.824785209837414,0.4174221611721612,0.42857142857142855,0.41631107340194573,0.056538259958071276,0.04296875,0.05363518736897275,0.16403588508909853,0.03658331008184524,0.1143798828125
193,0.0031663424255369346,0.003210126644681819,1.0,1.0,1.0,2.8377537500290644,0.4174221611721612,0.42857142857142855,0.41588997688328827,0.0563308001397624,0.04290674603174603,0.0537027482966457,0.1642856557914046,0.03660656156994048,0.11440313430059523
194,0.003130750684750967,0.0031237684451902686,1.0,1.0,1.0,2.8384841056097123,0.4174221611721612,0.42857142857142855,0.41588997688328827,0.0563308001397624,0.04303075396825397,0.053755978118448636,0.16451392983490565,0.03662981305803571,0.11447870163690477
195,0.003123693167675185,0.0031065142101391495,1.0,1.0,1.0,2.852651766368321,0.429574938949939,0.44047619047619047,0.4307893165921564,0.056265286512928024,0.04290674603174603,0.05379487683438155,0.1647350383254717,0.03666759672619048,0.11467343284970238
196,0.0031090789304683043,0.0030953457661508045,1.0,1.0,1.0,2.847205014455886,0.429574938949939,0.44047619047619047,0.43448902388098604,0.05627620545073375,0.04265873015873016,0.05383787015199162,0.16486606557914046,0.03670538039434524,0.11475771949404762
197,0.0030863778704710975,0.003060139487722041,1.0,1.0,1.0,2.8348202932448614,0.429574938949939,0.44047619047619047,0.4338717399303687,0.05630896226415094,0.042472718253968256,0.05386755601415094,0.1649837853773585,0.036717006138392856,0.11483328683035714
198,0.0030491176633402487,0.0030489495437518075,1.0,1.0,1.0,2.840181521006993,0.429574938949939,0.44047619047619047,0.4338717399303687,0.05637447589098533,0.04256572420634921,0.05391566758385744,0.16507591391509435,0.03672863188244048,0.11500186011904762
199,0.0030524518084077776,0.0030430423237863672,1.0,1.0,1.0,2.8654096921284995,0.429574938949939,0.44047619047619047,0.43448902388098604,0.056298043326345214,0.042689732142857144,0.053950471698113206,0.16513938024109015,0.03675769624255952,0.1150483630952381
200,0.002998284189678744,0.00275029884641541,1.0,1.0,1.0,2.850644066220238,0.43697725885225885,0.44642857142857145,0.4420066377299561,0.05639631376659678,0.04303075396825397,0.054001654219077565,0.16515780594863733,0.03680419921875,0.11506580171130952
